Index,Open,High,Low,Close,Volume
02/01/1970,12.42,12.84,12.42,12.48,10599
03/01/1970,12.45,12.48,12.18,12.24,12555
04/01/1970,12.06,12.45,12.03,12.39,18336
05/01/1970,12.24,12.75,12.24,12.72,10980
06/01/1970,12.78,12.9,12.66,12.87,8103
07/01/1970,12.6,13.08,12.6,12.99,14481
08/01/1970,13.02,13.29,12.84,13.08,16923
09/01/1970,13.17,14.1,13.11,14.07,26940
10/01/1970,14.34,14.52,13.56,13.77,29223
11/01/1970,13.83,14.07,13.62,14.01,13734
12/01/1970,13.74,13.98,13.53,13.74,16608
13/01/1970,13.62,13.68,12.66,12.69,27435
14/01/1970,12.54,12.6,12.06,12.27,28383
15/01/1970,12.39,13.05,12.39,13.02,20640
16/01/1970,13.08,13.14,12.33,12.36,21900
17/01/1970,12.24,12.9,12.15,12.87,17748
18/01/1970,12.84,13.05,12.42,12.6,16491
19/01/1970,12.66,13.8,12.57,13.62,39405
20/01/1970,13.62,13.86,13.38,13.8,21393
21/01/1970,13.62,13.65,13.23,13.26,13446
22/01/1970,13.17,13.8,13.05,13.68,19950
23/01/1970,13.56,13.62,12.84,12.96,17964
24/01/1970,12.81,13.35,12.81,13.29,9528
25/01/1970,13.11,13.29,12.75,12.87,10527
26/01/1970,12.84,12.9,12.36,12.39,20997
27/01/1970,12.39,12.63,12.21,12.33,21651
28/01/1970,12.24,12.39,12.21,12.36,13215
29/01/1970,12.39,12.45,11.55,11.73,33978
30/01/1970,11.7,11.91,11.61,11.76,13815
31/01/1970,11.7,11.73,11.4,11.52,12699
01/02/1970,11.43,11.64,11.34,11.37,11610
02/02/1970,11.28,11.73,11.28,11.55,20376
03/02/1970,11.7,12.45,11.7,12.42,19083
04/02/1970,12.45,12.66,12.24,12.48,20802
05/02/1970,12.36,12.39,11.46,11.94,20352
06/02/1970,11.82,12.03,11.58,11.94,11151
07/02/1970,11.91,11.97,11.55,11.58,22827
08/02/1970,11.4,11.67,11.22,11.61,28404
09/02/1970,11.55,11.91,11.55,11.7,19770
10/02/1970,11.85,12.54,11.85,12.27,14052
11/02/1970,11.85,12.36,11.7,12.3,5739
12/02/1970,12.48,12.9,12.48,12.87,15075
13/02/1970,12.93,13.17,12.84,13.05,13950
14/02/1970,12.66,12.84,12.24,12.48,16626
15/02/1970,12.45,12.69,12.36,12.57,15750
16/02/1970,12.45,12.51,12.27,12.42,13830
17/02/1970,12.21,12.3,11.46,11.49,38661
18/02/1970,11.64,11.88,11.55,11.61,13044
19/02/1970,11.64,11.85,11.55,11.58,11469
20/02/1970,11.58,12.3,11.58,12.24,21492
21/02/1970,12.09,12.24,11.67,11.85,12027
22/02/1970,11.91,12.12,11.55,11.58,9156
23/02/1970,11.79,11.88,11.58,11.58,5022
24/02/1970,12,12.3,11.85,12.21,16047
25/02/1970,11.88,12.06,11.73,11.82,11184
26/02/1970,11.91,12.09,11.88,12,5820
27/02/1970,12.03,12.09,11.73,11.85,7044
28/02/1970,11.76,11.88,11.64,11.82,8943
01/03/1970,11.94,12.06,11.79,11.79,8847
02/03/1970,12.03,12.12,11.64,11.7,13806
03/03/1970,11.64,11.76,11.4,11.4,16032
04/03/1970,11.46,11.7,11.46,11.55,10104
05/03/1970,11.46,12.06,11.46,12,15156
06/03/1970,11.94,12.06,11.31,11.34,16740
07/03/1970,11.49,11.58,11.25,11.4,8607
08/03/1970,11.28,11.43,11.19,11.37,7251
09/03/1970,11.37,11.4,11.22,11.22,5817
10/03/1970,11.28,11.34,11.07,11.1,14574
11/03/1970,11.07,11.4,11.07,11.28,10353
12/03/1970,11.28,11.55,11.25,11.49,6249
13/03/1970,11.31,11.52,11.31,11.49,6924
14/03/1970,11.46,11.55,10.83,10.83,13530
15/03/1970,10.83,10.95,10.65,10.83,9807
16/03/1970,10.62,10.89,10.59,10.65,10443
17/03/1970,10.68,10.77,10.56,10.56,7122
18/03/1970,10.56,10.68,10.44,10.47,9402
19/03/1970,10.29,10.41,10.02,10.05,19566
20/03/1970,9.93,9.93,9.63,9.81,22875
21/03/1970,9.6,10.14,9.48,10.05,13254
22/03/1970,9.81,10.02,9.75,9.9,9462
23/03/1970,9.57,9.81,9.57,9.75,10044
24/03/1970,9.81,9.87,9.39,9.45,11613
25/03/1970,9.3,9.9,9.15,9.75,14622
26/03/1970,10.5,10.71,10.44,10.68,5994
27/03/1970,10.56,10.65,10.05,10.23,15744
28/03/1970,9.99,10.05,9.75,9.78,9681
29/03/1970,9.78,9.81,9.27,9.45,10215
30/03/1970,9.33,9.36,8.79,8.82,15351
31/03/1970,9,9.3,8.97,9.18,10077
01/04/1970,9.03,9.27,9.03,9.15,8289
02/04/1970,9.3,9.45,9.18,9.21,7407
03/04/1970,9.21,9.45,8.76,9.39,12780
04/04/1970,9.15,9.45,9.15,9.3,7995
05/04/1970,9.21,9.3,9.15,9.15,5079
06/04/1970,9.12,9.24,9,9,9162
07/04/1970,8.88,9.36,8.76,9.33,9978
08/04/1970,9.18,9.66,9.18,9.63,16071
09/04/1970,9.63,9.72,9.18,9.3,16197
10/04/1970,9.18,9.24,8.94,9.12,10716
11/04/1970,9.06,9.3,8.88,9.21,8238
12/04/1970,9.15,9.24,9,9,5115
13/04/1970,8.97,9.15,8.94,9.06,5292
14/04/1970,8.94,9.06,8.91,8.91,3945
15/04/1970,9,9.06,8.88,8.91,4383
16/04/1970,9.21,9.45,9.18,9.42,12009
17/04/1970,9.36,9.48,8.94,9.12,9846
18/04/1970,8.91,9.03,8.76,8.79,10110
19/04/1970,8.55,8.76,8.52,8.73,12552
20/04/1970,8.76,8.94,8.52,8.55,12114
21/04/1970,8.55,8.67,8.34,8.37,12420
22/04/1970,8.4,8.46,8.25,8.31,7872
23/04/1970,8.46,8.64,8.37,8.46,7320
24/04/1970,8.55,8.73,8.52,8.7,8694
25/04/1970,9,9.24,8.91,9,11037
26/04/1970,8.88,9,8.85,8.97,4689
27/04/1970,9.03,9.12,8.79,8.88,7014
28/04/1970,8.91,8.97,8.73,8.94,7518
29/04/1970,8.91,8.97,8.04,8.13,11754
30/04/1970,8.34,8.4,7.89,8.1,9897
01/05/1970,8.22,8.34,8.1,8.13,6561
02/05/1970,8.25,8.46,8.25,8.31,9750
03/05/1970,8.28,8.31,8.01,8.1,12741
04/05/1970,8.13,8.19,8.01,8.07,8268
05/05/1970,8.1,8.22,7.92,8.01,11136
06/05/1970,7.98,8.25,6.9,7.05,8442
07/05/1970,8.91,8.97,8.67,8.7,6630
08/05/1970,8.55,8.61,8.37,8.4,11874
09/05/1970,8.49,8.52,8.25,8.49,7842
10/05/1970,8.34,8.55,8.31,8.49,9339
11/05/1970,8.46,8.7,8.46,8.58,10224
12/05/1970,8.67,8.97,8.67,8.94,12834
13/05/1970,8.85,8.97,8.76,8.91,10842
14/05/1970,8.85,8.88,8.61,8.82,8559
15/05/1970,8.85,8.88,8.64,8.85,7626
16/05/1970,8.76,9.21,8.76,9.18,16860
17/05/1970,9.36,9.75,9.3,9.72,25872
18/05/1970,9.63,10.2,9.63,10.14,32478
19/05/1970,10.17,10.29,10.02,10.29,17670
20/05/1970,10.14,11.37,10.11,11.31,38205
21/05/1970,11.4,11.82,10.89,11.37,44055
22/05/1970,11.04,11.37,10.71,10.98,18666
23/05/1970,11.1,12.6,11.1,12.39,36567
24/05/1970,13.95,14.55,12.99,14.28,57768
25/05/1970,13.71,14.49,12.93,13.02,43326
26/05/1970,13.05,13.5,12.75,12.84,32712
27/05/1970,13.23,13.71,12.9,13.5,23553
28/05/1970,14.01,14.64,13.68,14.22,36765
29/05/1970,14.19,14.4,13.68,14.37,27102
30/05/1970,14.85,15,14.64,14.73,19278
31/05/1970,14.76,14.82,13.95,14.19,26373
01/06/1970,14.34,14.4,12.66,12.99,37305
02/06/1970,13.08,13.2,12.78,12.96,18549
03/06/1970,13.2,14.07,12.81,12.9,36171
04/06/1970,12.75,13.65,12.33,13.59,27018
05/06/1970,14.01,14.16,13.56,13.77,16950
06/06/1970,13.44,14.22,13.44,13.59,20739
07/06/1970,13.65,13.8,12.93,12.96,19911
08/06/1970,12.75,13.44,12.75,13.05,17871
09/06/1970,13.23,13.56,12.66,12.72,17649
10/06/1970,12.54,12.96,12.54,12.93,17289
11/06/1970,12.84,13.08,12.15,12.36,27513
12/06/1970,12.15,12.51,11.94,12.45,23151
13/06/1970,12.6,13.8,12.51,13.77,37740
14/06/1970,13.86,14.07,13.23,13.32,21744
15/06/1970,13.44,13.95,13.41,13.68,21966
16/06/1970,13.86,14.7,13.8,14.7,29883
17/06/1970,14.64,14.79,14.34,14.49,20583
18/06/1970,14.4,14.49,13.8,14.25,21567
19/06/1970,14.43,16.02,14.43,15.81,35268
20/06/1970,15.75,16.35,15.33,15.69,23703
21/06/1970,15.9,16.11,15.45,15.87,16128
22/06/1970,15.3,15.54,15,15.51,18264
23/06/1970,15.69,16.35,15.6,16.02,21582
24/06/1970,16.35,16.95,16.35,16.89,26076
25/06/1970,16.44,16.74,15.93,15.96,15828
26/06/1970,16.02,16.05,15.48,15.51,14496
27/06/1970,15.3,16.44,15.15,16.23,20628
28/06/1970,16.65,16.89,16.05,16.08,14361
29/06/1970,15.99,16.41,15.63,15.78,21081
30/06/1970,15.48,15.9,15.3,15.87,13800
01/07/1970,15.84,16.02,15.3,15.51,12351
02/07/1970,15.33,16.11,15.33,15.9,12366
03/07/1970,16.2,16.59,15.51,15.66,14787
04/07/1970,15.69,16.05,15.57,16.02,14988
05/07/1970,15.99,16.44,15.84,16.35,14334
06/07/1970,16.05,16.11,14.58,14.73,18267
07/07/1970,14.55,15.45,14.55,15.39,13152
08/07/1970,16.83,17.25,16.65,16.95,20151
09/07/1970,16.74,17.13,16.71,16.8,12966
10/07/1970,16.59,17.13,16.41,17.1,23034
11/07/1970,17.04,17.1,16.5,16.65,20079
12/07/1970,16.35,16.47,15.87,15.9,34026
13/07/1970,16.11,16.32,16.02,16.08,15960
14/07/1970,15.81,16.98,15.81,16.92,27522
15/07/1970,16.8,17.37,16.62,16.65,30441
16/07/1970,16.68,16.92,16.62,16.71,10359
17/07/1970,16.5,17.19,16.5,17.16,21774
18/07/1970,17.04,17.22,15.99,16.02,33102
19/07/1970,16.29,16.5,16.08,16.14,24207
20/07/1970,16.14,16.8,15.75,16.11,37713
21/07/1970,16.02,16.35,16.02,16.17,10791
22/07/1970,16.08,16.53,16.08,16.47,11361
23/07/1970,16.5,16.86,16.2,16.23,20262
24/07/1970,16.38,16.56,16.14,16.53,9876
25/07/1970,16.62,16.65,16.41,16.5,5169
26/07/1970,16.5,17.01,16.44,16.86,17778
27/07/1970,17.16,17.94,16.95,17.85,53925
28/07/1970,17.97,18.09,17.43,17.64,30306
29/07/1970,17.79,18.45,17.73,18.42,39141
30/07/1970,18.45,18.9,18.24,18.81,41685
31/07/1970,18.6,18.75,18.27,18.45,23316
01/08/1970,18.3,19.11,18.3,18.99,31653
02/08/1970,19.14,19.17,18.63,18.66,22440
03/08/1970,18.39,18.57,17.73,17.79,38646
04/08/1970,17.79,18.24,17.79,18.06,17970
05/08/1970,18,18.45,17.97,18.36,14643
06/08/1970,18.48,18.6,18.06,18.21,14922
07/08/1970,17.91,18.06,17.46,17.91,28119
08/08/1970,18.09,18.27,17.7,17.79,17751
09/08/1970,17.76,18.03,17.55,17.64,15279
10/08/1970,17.46,17.61,17.19,17.19,23031
11/08/1970,17.37,17.61,17.19,17.49,19128
12/08/1970,17.61,17.88,17.61,17.79,14382
13/08/1970,17.85,18.96,17.61,18.96,46179
14/08/1970,18.84,19.02,18.36,18.54,24834
15/08/1970,18.75,18.87,18.36,18.51,14325
16/08/1970,18.3,18.69,18.18,18.24,19236
17/08/1970,18.24,18.66,17.94,18.54,21549
18/08/1970,18.48,18.66,18.36,18.39,10341
19/08/1970,18.6,19.68,18.57,19.5,36876
20/08/1970,19.47,19.53,18.99,19.02,20361
21/08/1970,19.23,19.59,18.84,18.99,25122
22/08/1970,19.11,19.56,18.96,19.53,30237
23/08/1970,19.59,19.65,19.08,19.2,19143
24/08/1970,18.93,19.05,18.63,18.96,19095
25/08/1970,18.75,19.41,18.75,18.78,18669
26/08/1970,18.54,18.69,18.18,18.27,33021
27/08/1970,18.33,18.66,18.21,18.21,14670
28/08/1970,18.45,19.08,18.45,19.05,23256
29/08/1970,19.05,19.35,18.78,18.99,19008
30/08/1970,19.14,19.5,18.69,18.78,24831
31/08/1970,18.51,18.75,18.45,18.54,14844
01/09/1970,18.06,18.18,17.64,17.76,44628
02/09/1970,17.85,18.12,17.64,17.7,19275
03/09/1970,17.64,17.88,16.8,16.83,43359
04/09/1970,16.5,16.65,16.14,16.32,43272
05/09/1970,16.56,16.95,16.53,16.65,22479
06/09/1970,16.65,16.86,16.44,16.53,12048
07/09/1970,16.68,17.01,16.62,16.86,8580
08/09/1970,17.04,17.13,16.62,16.65,13365
09/09/1970,16.53,16.68,16.35,16.53,14406
10/09/1970,16.74,16.89,16.62,16.86,9288
11/09/1970,17.07,17.67,17.04,17.64,22092
12/09/1970,17.25,17.49,16.92,16.98,13872
13/09/1970,16.95,17.25,16.65,16.8,16113
14/09/1970,16.8,17.04,16.8,16.95,6186
15/09/1970,16.83,16.89,15.96,16.02,36609
16/09/1970,15.9,16.02,15.21,15.39,42681
17/09/1970,15.66,15.84,15.42,15.57,15564
18/09/1970,15.75,15.93,15.33,15.42,14943
19/09/1970,15.54,15.72,15.48,15.6,12381
20/09/1970,15.57,15.78,15.21,15.3,14769
21/09/1970,15.18,15.48,14.91,15.45,21405
22/09/1970,15.48,16.26,15.48,16.17,28677
23/09/1970,16.41,18.24,16.41,18.21,61932
24/09/1970,17.85,18.39,17.55,17.79,38625
25/09/1970,17.7,18.06,17.58,17.82,17814
26/09/1970,17.85,18.21,17.37,17.58,23853
27/09/1970,17.79,18.06,17.34,17.4,18240
28/09/1970,17.31,17.46,16.95,17.28,18084
29/09/1970,17.4,17.82,17.16,17.76,17094
30/09/1970,18.09,18.36,17.31,17.34,16335
01/10/1970,16.86,18.06,16.8,17.37,32856
02/10/1970,17.46,17.67,17.07,17.13,20637
03/10/1970,17.25,17.61,17.07,17.58,13779
04/10/1970,17.52,18,17.43,17.82,17382
05/10/1970,17.88,17.97,17.67,17.73,9696
06/10/1970,17.49,17.67,17.28,17.43,12456
07/10/1970,17.34,17.91,17.22,17.88,16230
08/10/1970,17.64,17.88,17.64,17.76,17847
09/10/1970,17.49,17.67,16.95,17.01,22443
10/10/1970,17.01,17.34,16.98,17.01,13470
11/10/1970,17.1,17.37,17.01,17.04,12066
12/10/1970,17.1,17.64,17.1,17.61,12645
13/10/1970,17.73,17.79,17.4,17.43,7731
14/10/1970,17.52,17.64,17.4,17.46,9756
15/10/1970,17.34,17.94,17.22,17.7,21351
16/10/1970,17.64,17.82,17.49,17.55,9651
17/10/1970,17.7,17.76,17.43,17.55,11292
18/10/1970,17.4,19.56,17.31,18.54,9654
19/10/1970,18.99,21,18.9,20.67,55881
20/10/1970,20.64,20.88,20.46,20.82,31953
21/10/1970,20.28,20.55,19.98,20.25,27948
22/10/1970,20.55,20.73,20.04,20.4,16410
23/10/1970,20.19,20.55,20.19,20.34,10596
24/10/1970,20.22,20.31,19.95,20.19,13995
25/10/1970,20.16,21.57,20.13,21.45,44502
26/10/1970,21.42,21.66,21.12,21.27,33069
27/10/1970,21.15,21.39,20.94,21.27,15864
28/10/1970,21.75,22.05,21.57,21.93,32694
29/10/1970,21.75,21.81,21.6,21.75,14592
30/10/1970,21.96,22.41,21.96,21.99,31245
31/10/1970,21.84,21.99,21.36,21.57,20844
01/11/1970,21.87,22.2,21.69,21.72,16935
02/11/1970,21.9,22.8,21.9,22.8,23856
03/11/1970,22.95,24.45,22.95,24.42,40908
04/11/1970,25.35,25.41,24.15,24.57,43113
05/11/1970,24.75,26.7,24.75,26.25,36789
06/11/1970,25.95,26.49,25.35,26.25,33828
07/11/1970,26.64,27.66,26.64,27.54,19851
08/11/1970,26.85,27.78,26.55,26.76,27531
09/11/1970,25.8,26.7,25.56,26.13,25626
10/11/1970,26.19,26.55,25.65,26.07,29757
11/11/1970,26.1,26.7,25.71,26.58,17430
12/11/1970,27.45,28.47,27.45,28.17,22764
13/11/1970,28.65,28.74,27.63,27.66,27210
14/11/1970,27.03,28.17,27.03,28.11,28932
15/11/1970,28.29,28.35,26.55,26.73,28599
16/11/1970,25.2,25.5,23.55,24,37914
17/11/1970,23.85,24.84,23.55,24.78,16080
18/11/1970,25.02,25.53,23.4,23.49,24834
19/11/1970,22.86,24.6,22.86,23.94,16863
20/11/1970,24.42,25.2,24,25.08,14052
21/11/1970,25.56,26.52,24.45,24.63,24798
22/11/1970,24.3,24.72,24,24.66,9981
23/11/1970,24.54,24.99,23.25,24.81,17571
24/11/1970,24.63,24.78,24.06,24.54,17898
25/11/1970,24.51,25.23,24.3,25.2,15648
26/11/1970,24.6,25.47,24.6,25.41,10260
27/11/1970,25.5,25.62,24.45,24.6,13698
28/11/1970,24.66,25.8,24.48,25.5,13518
29/11/1970,26.1,26.22,24.75,25.8,9579
30/11/1970,27.45,27.57,25.65,26.25,40242
01/12/1970,26.7,26.82,25.95,26.25,13980
02/12/1970,26.16,26.76,26.1,26.19,9135
03/12/1970,25.89,27.75,25.83,27.6,17262
04/12/1970,27,27.15,24.9,25.38,39846
05/12/1970,25.59,26.55,25.59,25.86,22323
06/12/1970,26.55,26.67,25.71,26.55,21933
07/12/1970,25.86,26.22,25.56,26.04,12612
08/12/1970,25.5,25.71,24.66,24.81,24963
09/12/1970,24.54,24.57,23.1,23.19,36930
10/12/1970,23.07,23.85,22.89,23.28,35397
11/12/1970,23.34,23.73,23.34,23.58,12921
12/12/1970,23.46,23.91,21.66,21.87,28953
13/12/1970,21.33,21.81,20.94,21.03,31347
14/12/1970,21.6,22.23,21.21,21.36,17526
15/12/1970,21.66,21.96,21.42,21.75,8205
16/12/1970,22.11,22.32,21.93,22.29,5151
17/12/1970,22.14,22.65,22.05,22.23,7017
18/12/1970,21.78,21.93,21.24,21.36,10488
19/12/1970,21.15,21.9,20.88,21.81,13614
20/12/1970,21.78,22.74,21.75,21.96,11943
21/12/1970,21.9,22.98,21.9,22.95,11868
22/12/1970,23.01,23.1,21.93,22.14,11628
23/12/1970,21.93,22.32,21.75,21.87,10308
24/12/1970,21.63,21.75,21.27,21.45,11766
25/12/1970,21.6,22.14,21.6,21.9,6900
26/12/1970,21.99,22.17,20.55,20.97,11289
27/12/1970,20.67,20.94,19.95,20.58,13107
28/12/1970,20.7,21,20.55,20.88,8994
29/12/1970,20.34,20.46,19.68,19.86,12732
30/12/1970,20.04,20.13,19.05,19.29,21111
31/12/1970,19.08,19.38,18.93,19.02,10944
01/01/1971,19.08,19.32,18.93,18.96,8280
02/01/1971,19.05,19.68,18.9,19.59,8418
03/01/1971,19.62,19.89,18.36,18.42,7893
04/01/1971,18.21,18.72,17.85,17.91,8406
05/01/1971,17.79,18.45,17.58,18.15,7875
06/01/1971,18.03,18.45,17.88,18,6945
07/01/1971,17.7,17.91,17.22,17.73,9618
08/01/1971,17.7,18.36,17.7,18.27,5793
09/01/1971,18.3,18.6,18,18.57,10512
10/01/1971,18.63,19.56,18.15,19.17,13116
11/01/1971,20.58,20.82,18.84,18.87,30630
12/01/1971,18.45,19.14,18.15,18.75,35334
13/01/1971,18.63,18.72,17.31,17.55,37191
14/01/1971,17.85,18.18,16.74,16.83,27555
15/01/1971,17.1,17.91,17.1,17.85,20520
16/01/1971,17.58,17.76,17.01,17.16,17244
17/01/1971,16.98,17.52,16.59,16.83,22437
18/01/1971,16.59,16.95,16.23,16.89,18621
19/01/1971,17.01,17.25,16.11,16.38,22788
20/01/1971,16.41,16.8,16.29,16.35,20391
21/01/1971,16.56,18.06,16.56,17.82,38637
22/01/1971,17.88,18.51,17.64,18.3,31158
23/01/1971,18,18.9,17.76,18.81,21513
24/01/1971,19.05,19.59,18.51,18.6,30480
25/01/1971,18.39,18.72,17.82,18.12,25401
26/01/1971,17.73,19.08,17.73,18.96,31005
27/01/1971,19.71,20.34,19.56,20.31,33120
28/01/1971,20.4,20.55,19.8,20.4,19824
29/01/1971,19.59,20.16,19.59,19.74,15057
30/01/1971,19.56,20.4,19.56,20.37,24924
31/01/1971,20.61,20.79,19.65,19.71,27417
01/02/1971,19.89,20.04,19.26,19.47,26154
02/02/1971,19.26,19.41,19.05,19.2,14379
03/02/1971,19.41,20.19,19.41,20.19,18465
04/02/1971,19.8,20.04,19.56,20.01,14679
05/02/1971,20.25,20.52,19.95,20.46,18783
06/02/1971,20.22,20.37,20.1,20.34,11793
07/02/1971,20.64,20.94,19.38,20.43,38145
08/02/1971,20.64,20.67,19.5,19.62,19308
09/02/1971,19.38,19.53,18.75,18.81,25389
10/02/1971,18.45,18.75,17.85,17.91,25125
11/02/1971,17.55,17.76,16.86,16.92,27417
12/02/1971,17.1,17.64,17.1,17.55,12264
13/02/1971,17.25,17.64,16.71,16.86,17760
14/02/1971,16.71,17.34,16.44,17.28,21600
15/02/1971,17.1,17.4,16.8,17.4,17346
16/02/1971,17.64,17.85,17.34,17.82,14685
17/02/1971,17.67,17.82,16.86,17.22,13920
18/02/1971,17.01,17.7,16.89,17.7,12387
19/02/1971,17.37,17.55,17.13,17.31,13545
20/02/1971,16.92,17.16,16.68,16.71,15951
21/02/1971,16.5,16.56,15.66,15.66,28149
22/02/1971,15.66,15.96,15.03,15.21,24078
23/02/1971,15.45,15.75,14.91,15.69,22878
24/02/1971,15.42,15.54,15.12,15.3,18039
25/02/1971,14.88,15,14.58,14.67,18093
26/02/1971,14.4,14.7,14.37,14.64,12603
27/02/1971,14.64,15.39,14.64,15.24,16407
28/02/1971,15.45,16.47,15.45,16.14,22245
01/03/1971,15.84,16.02,15.33,15.39,17514
02/03/1971,15.6,16.08,15.6,16.08,27030
03/03/1971,15.78,16.11,15.18,15.6,14031
04/03/1971,15.75,15.9,15.3,15.36,14859
05/03/1971,15.27,15.66,14.49,14.55,25863
06/03/1971,14.25,14.73,14.25,14.7,13644
07/03/1971,14.55,14.64,14.37,14.43,10728
08/03/1971,14.46,14.64,14.25,14.34,16416
09/03/1971,14.16,15.96,14.16,15.87,23631
10/03/1971,15.66,15.96,15.24,15.33,24204
11/03/1971,15.18,15.45,15.12,15.3,16944
12/03/1971,15.3,15.9,14.76,14.79,26583
13/03/1971,14.7,14.76,13.83,13.92,18168
14/03/1971,13.56,15.15,13.56,15.06,19200
15/03/1971,18.87,19.02,17.88,17.97,22998
16/03/1971,17.82,18.27,17.25,18.21,57927
17/03/1971,18.3,18.72,17.94,18.21,23427
18/03/1971,18.12,18.66,18.12,18.66,11967
19/03/1971,18.6,18.69,18.18,18.6,15870
20/03/1971,18.6,18.84,18.42,18.69,15384
21/03/1971,19.14,20.28,18.96,20.16,73107
22/03/1971,20.16,20.7,19.98,20.61,45819
23/03/1971,20.46,20.67,20.1,20.31,16977
24/03/1971,20.34,20.55,19.71,19.74,25956
25/03/1971,19.59,20.31,19.44,20.07,23346
26/03/1971,20.04,20.4,19.83,20.37,15618
27/03/1971,20.4,21.15,20.28,21.03,43785
28/03/1971,20.61,20.76,20.01,20.22,33975
29/03/1971,19.95,20.67,19.83,20.61,21126
30/03/1971,20.85,21.3,20.1,20.22,47343
31/03/1971,20.31,20.67,20.16,20.49,17568
01/04/1971,20.49,20.85,20.19,20.25,17841
02/04/1971,20.31,20.82,20.13,20.79,14748
03/04/1971,20.82,21.09,20.49,20.52,23121
04/04/1971,20.49,21.03,20.16,20.22,31041
05/04/1971,20.22,20.55,19.98,20.52,23439
06/04/1971,20.58,20.97,20.58,20.7,26208
07/04/1971,20.85,21.72,20.85,21.72,41853
08/04/1971,21.9,21.9,21.27,21.57,33735
09/04/1971,21.51,21.6,21.36,21.51,12294
10/04/1971,21.27,21.42,21.09,21.18,18546
11/04/1971,21.21,21.57,21.12,21.54,13782
12/04/1971,21.69,21.84,21.21,21.27,19164
13/04/1971,21.33,21.36,20.1,20.16,44940
14/04/1971,20.19,20.7,20.1,20.58,31668
15/04/1971,20.19,20.52,20.19,20.34,14577
16/04/1971,20.1,20.16,19.44,19.47,37752
17/04/1971,19.65,19.8,19.35,19.71,27069
18/04/1971,19.8,20.13,19.8,20.07,19266
19/04/1971,20.04,20.4,19.59,19.68,24510
20/04/1971,19.71,20.37,19.56,20.37,16551
21/04/1971,20.34,20.58,19.8,19.8,19161
22/04/1971,19.71,19.8,19.59,19.71,7932
23/04/1971,19.68,19.92,19.41,19.8,14622
24/04/1971,19.62,19.89,19.62,19.8,7896
25/04/1971,20.13,20.91,20.04,20.85,33396
26/04/1971,20.94,21,20.49,20.97,23955
27/04/1971,20.85,21.21,20.79,21.03,24000
28/04/1971,20.88,21,20.58,20.79,16104
29/04/1971,20.73,20.97,20.7,20.97,11931
30/04/1971,20.82,21.03,20.67,20.88,17217
01/05/1971,20.64,20.7,19.5,19.53,55209
02/05/1971,19.65,19.86,19.62,19.71,18960
03/05/1971,19.44,19.83,19.38,19.77,17256
04/05/1971,19.53,19.8,19.5,19.62,11769
05/05/1971,19.44,19.5,18.72,18.75,41238
06/05/1971,18.45,18.6,17.97,18.12,52116
07/05/1971,18.3,18.45,18.12,18.36,12504
08/05/1971,18.45,18.6,18.36,18.54,12447
09/05/1971,18.54,18.6,18.03,18.12,17013
10/05/1971,18.06,18.36,18.06,18.33,8292
11/05/1971,18.42,18.66,18.36,18.51,13497
12/05/1971,18.54,18.72,18.51,18.66,5433
13/05/1971,18.72,18.75,18.57,18.63,5232
14/05/1971,18.42,18.48,18.15,18.3,10794
15/05/1971,18.21,18.51,18.15,18.48,5223
16/05/1971,18.54,18.57,18.09,18.3,13785
17/05/1971,18.15,18.21,17.49,17.52,41889
18/05/1971,17.34,17.73,17.31,17.7,21363
19/05/1971,17.7,19.47,17.7,19.29,62886
20/05/1971,19.17,20.34,18.99,19.89,39954
21/05/1971,19.65,20.25,19.59,19.68,30519
22/05/1971,19.53,20.25,19.44,20.22,24522
23/05/1971,20.55,21.39,20.55,20.79,67602
24/05/1971,20.4,20.76,20.1,20.28,26184
25/05/1971,20.19,20.49,20.04,20.28,17421
26/05/1971,20.4,20.7,20.07,20.13,14139
27/05/1971,19.89,20.31,19.89,20.28,13743
28/05/1971,20.28,21.06,20.25,21.03,29658
29/05/1971,22.05,22.35,21.9,22.32,46494
30/05/1971,22.41,24.24,22.26,24,70512
31/05/1971,24.27,24.96,23.25,24.66,60801
01/06/1971,23.61,24,23.25,23.34,28953
02/06/1971,23.55,24.45,23.16,23.73,42654
03/06/1971,23.64,23.79,23.25,23.55,21603
04/06/1971,22.86,23.25,22.2,23.22,35526
05/06/1971,23.1,23.4,22.74,22.77,25230
06/06/1971,22.44,23.64,22.29,23.55,26592
07/06/1971,23.64,24.36,22.89,22.95,36780
08/06/1971,22.95,23.31,22.41,22.83,27357
09/06/1971,23.04,23.37,22.17,22.29,26031
10/06/1971,22.32,23.19,22.08,23.16,26745
11/06/1971,23.79,23.94,22.98,23.64,33438
12/06/1971,23.46,23.82,23.43,23.79,16284
13/06/1971,23.58,24,23.07,23.1,30423
14/06/1971,23.1,23.58,22.86,23.58,36018
15/06/1971,23.7,23.82,22.65,22.8,27639
16/06/1971,22.5,22.65,21.39,21.57,38838
17/06/1971,21.78,22.32,21.78,22.29,23490
18/06/1971,22.44,22.56,22.08,22.53,19647
19/06/1971,22.35,22.44,21.75,21.87,16398
20/06/1971,21.45,22.44,21.27,22.38,30684
21/06/1971,22.41,22.59,21.75,21.78,10476
22/06/1971,22.05,23.43,22.05,22.89,17409
23/06/1971,23.1,24.9,23.1,24.72,29430
24/06/1971,25.2,25.53,25.08,25.47,37950
25/06/1971,25.14,25.26,24.81,24.87,20979
26/06/1971,25.35,25.41,24.93,24.99,23748
27/06/1971,24.96,25.11,24.69,24.72,16746
28/06/1971,24.87,25.26,24.66,25.17,14889
29/06/1971,24.99,25.11,24.45,24.57,21207
30/06/1971,24.72,25.17,24.72,24.99,21078
01/07/1971,24.81,24.99,24.18,24.21,26652
02/07/1971,24.21,24.48,24.03,24.33,20796
03/07/1971,24.18,24.84,23.94,24.42,25644
04/07/1971,24.21,24.36,23.25,23.28,38826
05/07/1971,23.19,23.67,23.19,23.64,19770
06/07/1971,23.22,23.49,22.8,22.92,29925
07/07/1971,23.04,23.49,22.77,23.31,22110
08/07/1971,23.13,23.4,23.04,23.25,11388
09/07/1971,23.16,23.34,23.01,23.13,8994
10/07/1971,23.25,23.31,21.45,21.48,51834
11/07/1971,21.3,21.72,21.18,21.54,36726
12/07/1971,21.72,22.05,21.57,21.63,19092
13/07/1971,21.66,21.93,19.95,20.25,49623
14/07/1971,20.46,20.73,20.25,20.7,24759
15/07/1971,20.58,20.73,20.07,20.16,22131
16/07/1971,19.86,20.82,19.86,20.22,29085
17/07/1971,20.22,20.55,20.1,20.37,17790
18/07/1971,20.61,20.88,20.61,20.7,16134
19/07/1971,20.49,20.79,20.25,20.37,13857
20/07/1971,20.1,20.85,19.56,20.82,35427
21/07/1971,20.52,20.76,20.25,20.25,13599
22/07/1971,20.25,20.73,20.19,20.61,20937
23/07/1971,20.76,21.39,20.1,20.31,45741
24/07/1971,20.58,20.91,20.58,20.73,16287
25/07/1971,21.06,21.24,20.43,20.55,23037
26/07/1971,20.43,21,20.31,20.94,25977
27/07/1971,20.85,21.09,20.61,20.82,14622
28/07/1971,20.94,21,20.58,20.73,13782
29/07/1971,20.64,20.67,19.68,19.68,20610
30/07/1971,19.32,19.44,19.05,19.14,25314
31/07/1971,19.5,19.83,19.44,19.68,18348
01/08/1971,19.71,21.3,19.71,20.82,36054
02/08/1971,21,21.36,20.34,20.4,14763
03/08/1971,20.4,20.73,20.25,20.46,19197
04/08/1971,20.28,21.3,20.28,21.27,21708
05/08/1971,21.45,21.96,15,16.83,15498
06/08/1971,21.57,21.72,20.25,20.28,36780
07/08/1971,20.37,20.82,20.37,20.79,10314
08/08/1971,20.52,20.91,20.25,20.4,16293
09/08/1971,20.37,21.18,20.22,21.12,21402
10/08/1971,20.82,21.18,20.49,20.76,17103
11/08/1971,20.58,20.97,20.55,20.88,16203
12/08/1971,20.82,22.08,20.73,22.05,38685
13/08/1971,21.9,21.96,20.79,20.94,19968
14/08/1971,21.03,21.33,20.73,21.24,15363
15/08/1971,21.09,21.54,21.03,21.51,10248
16/08/1971,21.87,22.14,21.69,22.02,23592
17/08/1971,21.9,21.96,21.06,21.09,27990
18/08/1971,21.36,21.6,21.09,21.42,16581
19/08/1971,21,21.45,20.88,20.88,15330
20/08/1971,20.79,21.69,20.61,21.57,20970
21/08/1971,21.18,21.42,21.06,21.09,10542
22/08/1971,20.85,20.94,19.59,19.65,41472
23/08/1971,19.89,20.37,19.89,20.16,12597
24/08/1971,20.04,20.31,19.95,20.16,9663
25/08/1971,20.13,20.19,19.71,20.16,14586
26/08/1971,19.95,20.01,19.29,19.32,19056
27/08/1971,19.5,20.28,19.5,19.71,19938
28/08/1971,19.74,19.92,19.59,19.89,12174
29/08/1971,19.68,19.92,19.44,19.65,10617
30/08/1971,19.89,20.16,19.59,19.68,12105
31/08/1971,19.83,20.22,19.77,19.92,9525
01/09/1971,19.74,20.04,19.71,19.8,11652
02/09/1971,19.89,19.98,19.41,19.41,13539
03/09/1971,19.89,19.98,19.68,19.95,16338
04/09/1971,20.01,20.1,19.5,19.77,19797
05/09/1971,20.25,20.85,20.1,20.46,22254
06/09/1971,20.25,20.37,20.01,20.07,7245
07/09/1971,20.4,20.61,20.13,20.16,21072
08/09/1971,20.16,20.4,19.8,19.95,10902
09/09/1971,20.07,20.1,19.77,19.83,11319
10/09/1971,19.86,19.95,19.62,19.86,10626
11/09/1971,19.83,19.95,19.74,19.86,14070
12/09/1971,19.8,19.92,19.74,19.89,10677
13/09/1971,19.83,19.95,19.74,19.92,12213
14/09/1971,20.07,20.7,20.04,20.67,15612
15/09/1971,20.49,20.64,19.77,19.8,14706
16/09/1971,19.68,20.1,19.08,19.98,7002
17/09/1971,20.91,20.97,20.7,20.73,13311
18/09/1971,20.88,20.94,20.82,20.88,13668
19/09/1971,20.82,20.94,20.73,20.94,5586
20/09/1971,21,21.54,20.73,20.85,45795
21/09/1971,20.91,20.94,20.61,20.82,18405
22/09/1971,20.73,21.12,20.58,21.09,25065
23/09/1971,21.24,21.3,20.88,20.88,14916
24/09/1971,20.94,20.97,20.79,20.85,8052
25/09/1971,20.76,20.85,20.46,20.49,25656
26/09/1971,20.49,20.55,19.38,19.56,68577
27/09/1971,19.74,19.89,18.96,19.47,42198
28/09/1971,19.59,19.65,19.11,19.32,20868
29/09/1971,19.47,19.59,19.32,19.53,9789
30/09/1971,19.44,19.53,18.21,18.36,49353
01/10/1971,18.39,18.75,18.39,18.72,20670
02/10/1971,18.6,18.66,17.76,17.85,40665
03/10/1971,17.88,18.3,17.88,18.09,18801
04/10/1971,18.15,18.57,18.15,18.21,17133
05/10/1971,18.27,18.3,17.4,17.49,46437
06/10/1971,17.73,17.97,17.67,17.91,20949
07/10/1971,17.58,18.09,17.55,17.85,21525
08/10/1971,17.85,17.94,17.79,17.82,9135
09/10/1971,18.15,18.27,17.67,17.91,22824
10/10/1971,17.88,17.97,17.76,17.97,7419
11/10/1971,18.03,18.27,17.61,17.85,25740
12/10/1971,18,18.06,17.73,17.91,11850
13/10/1971,17.82,18.51,17.82,18.18,31578
14/10/1971,18,18.63,18,18.51,28413
15/10/1971,18.45,18.57,18.33,18.36,11124
16/10/1971,18.33,18.39,17.94,18,15960
17/10/1971,18.12,18.66,18.12,18.57,29844
18/10/1971,18.69,18.87,18.21,18.48,23373
19/10/1971,18.36,18.54,18.36,18.54,8895
20/10/1971,18.75,18.84,18.57,18.72,18501
21/10/1971,18.66,18.81,17.91,18.15,29328
22/10/1971,18.15,18.24,18.03,18.06,13935
23/10/1971,17.94,18.18,17.94,18.15,13566
24/10/1971,18,18.09,17.1,17.16,44655
25/10/1971,17.1,17.22,16.59,16.89,36054
26/10/1971,17.13,17.16,16.38,16.86,30822
27/10/1971,16.92,16.98,16.74,16.92,13578
28/10/1971,16.95,17.19,16.8,16.8,21255
29/10/1971,16.74,16.98,16.56,16.89,15429
30/10/1971,17.07,17.43,16.98,17.4,21573
31/10/1971,17.7,17.88,17.31,17.49,30378
01/11/1971,17.49,17.61,17.04,17.1,17478
02/11/1971,17.19,17.25,16.74,16.89,13002
03/11/1971,16.92,17.58,16.83,17.55,22536
04/11/1971,18.15,18.42,17.82,18.3,47256
05/11/1971,18.39,18.6,18.15,18.45,23010
06/11/1971,18.27,18.39,17.85,18,36057
07/11/1971,17.82,17.88,17.61,17.64,16539
08/11/1971,17.55,18.18,17.49,18.12,15354
09/11/1971,18.03,18.54,17.97,18.51,20343
10/11/1971,18.51,19.17,18.51,19.17,32685
11/11/1971,19.05,20.4,18.9,19.11,49332
12/11/1971,19.17,19.32,18.84,18.87,13053
13/11/1971,18.78,19.08,18.54,18.84,17715
14/11/1971,18.72,18.81,18.18,18.21,19326
15/11/1971,18.18,18.51,18.06,18.18,14982
16/11/1971,18.09,18.51,18.03,18.45,15465
17/11/1971,18.57,18.75,18.45,18.54,21774
18/11/1971,18.48,19.14,18.3,18.48,19533
19/11/1971,17.85,18.33,17.82,17.97,10257
20/11/1971,20.82,21.33,20.37,21.27,47058
21/11/1971,21.24,21.42,21.18,21.27,14208
22/11/1971,21.24,21.54,21.15,21.54,21147
23/11/1971,21.75,22.56,21.69,22.53,58356
24/11/1971,22.44,22.74,22.23,22.26,60882
25/11/1971,22.08,22.32,21.96,22.05,26322
26/11/1971,22.2,22.65,22.05,22.14,34932
27/11/1971,22.17,22.59,22.02,22.53,17835
28/11/1971,22.56,22.92,22.2,22.26,43089
29/11/1971,22.26,22.56,22.17,22.32,21669
30/11/1971,22.56,22.74,22.23,22.29,22677
01/12/1971,22.38,22.8,22.35,22.77,20364
02/12/1971,23.01,23.19,22.47,22.65,46431
03/12/1971,21.6,21.99,21.33,21.75,111342
04/12/1971,22.02,22.32,22.02,22.08,28737
05/12/1971,22.26,22.62,22.26,22.56,37287
06/12/1971,22.62,23.1,22.35,23.1,55953
07/12/1971,22.8,23.04,22.68,22.89,39237
08/12/1971,22.74,22.95,22.44,22.53,30855
09/12/1971,22.65,22.95,22.56,22.8,22581
10/12/1971,22.95,22.98,22.47,22.5,29007
11/12/1971,22.62,22.83,22.59,22.77,18270
12/12/1971,22.74,22.83,22.59,22.59,10932
13/12/1971,22.68,22.71,22.26,22.32,26154
14/12/1971,22.14,22.2,21.93,22.02,29277
15/12/1971,22.26,23.01,22.23,22.65,58650
16/12/1971,22.44,22.8,22.35,22.77,20067
17/12/1971,22.77,23.82,22.77,23.79,49392
18/12/1971,23.49,23.7,23.31,23.43,44289
19/12/1971,23.37,23.7,23.25,23.28,41217
20/12/1971,23.49,23.55,23.25,23.28,20493
21/12/1971,23.34,23.4,22.92,23.13,33756
22/12/1971,22.98,23.13,22.8,22.83,19419
23/12/1971,22.68,23.01,22.56,22.98,29883
24/12/1971,23.22,23.61,23.16,23.58,33816
25/12/1971,23.46,23.61,23.04,23.31,26904
26/12/1971,23.34,23.49,23.19,23.43,12906
27/12/1971,23.46,23.49,23.04,23.16,23742
28/12/1971,22.92,23.4,22.89,23.25,22062
29/12/1971,23.37,23.94,23.37,23.79,47337
30/12/1971,24.09,24.36,23.79,24.03,43017
31/12/1971,23.88,24.72,23.73,24.54,58674
01/01/1972,24.36,24.48,24.09,24.27,26625
02/01/1972,24.15,24.21,23.85,23.91,22848
03/01/1972,23.97,24.09,23.82,23.85,12579
04/01/1972,23.79,24.45,23.79,24.36,32157
05/01/1972,24.24,24.33,23.79,23.82,35115
06/01/1972,23.58,24.24,23.58,24.21,32448
07/01/1972,24.33,24.57,24.24,24.51,27168
08/01/1972,24.45,24.54,24.09,24.27,22110
09/01/1972,23.94,24.36,23.94,24.12,22413
10/01/1972,24.33,25.08,24.3,24.84,54030
11/01/1972,24.81,25.17,24.69,25.08,27723
12/01/1972,25.5,26.64,25.5,26.37,69438
13/01/1972,26.22,26.55,26.04,26.52,32055
14/01/1972,26.46,26.58,26.13,26.19,29940
15/01/1972,26.19,26.37,26.13,26.31,26067
16/01/1972,26.22,27.36,26.22,27.24,40203
17/01/1972,27.99,28.65,27.9,27.96,34554
18/01/1972,27.81,28.38,27.66,28.17,23859
19/01/1972,27.93,28.2,27.57,27.84,38061
20/01/1972,27.96,28.05,27.78,28.02,17460
21/01/1972,28.08,28.47,28.05,28.47,14412
22/01/1972,28.77,29.52,28.77,29.25,47133
23/01/1972,28.8,29.46,28.68,29.19,34710
24/01/1972,28.35,28.8,27.48,27.54,76728
25/01/1972,27.63,28.32,27.63,27.87,41652
26/01/1972,28.14,28.83,27.99,28.77,40875
27/01/1972,28.98,29.43,27.72,28.05,67161
28/01/1972,27.36,28.8,27.36,27.66,64365
29/01/1972,27.54,27.9,27.18,27.81,40962
30/01/1972,28.23,28.41,27.69,28.35,34338
31/01/1972,28.14,29.19,27.99,28.65,63660
01/02/1972,28.41,28.8,28.29,28.35,32871
02/02/1972,28.56,30.6,28.56,30.54,82227
03/02/1972,30.75,31.05,30.21,30.39,48270
04/02/1972,30.18,30.6,29.91,30.21,38778
05/02/1972,29.91,31.26,29.55,31.2,55875
06/02/1972,30.9,32.49,30.9,31.56,55743
07/02/1972,30.84,31.41,30.45,31.14,42771
08/02/1972,30.63,31.74,30.6,31.26,59985
09/02/1972,31.26,31.62,29.82,29.94,55944
10/02/1972,29.76,30.54,28.65,28.92,57303
11/02/1972,28.98,29.22,26.1,26.82,79131
12/02/1972,26.55,26.79,25.56,26.28,66639
13/02/1972,26.7,27,26.1,26.13,33615
14/02/1972,25.41,27,25.23,26.94,62979
15/02/1972,26.76,27.27,26.37,26.37,28008
16/02/1972,25.65,25.95,23.85,24.45,58704
17/02/1972,23.91,25.14,23.91,24.57,37362
18/02/1972,25.14,26.1,25.14,25.32,32451
19/02/1972,25.17,26.28,25.17,25.86,25917
20/02/1972,26.34,26.67,25.26,25.47,50562
21/02/1972,25.59,26.13,25.38,26.1,18453
22/02/1972,25.95,26.28,25.83,25.89,16989
23/02/1972,26.04,26.64,25.95,26.4,16275
24/02/1972,26.22,26.55,25.56,26.1,20241
25/02/1972,26.07,26.58,25.65,26.31,22650
26/02/1972,26.31,26.67,24.99,25.35,27057
27/02/1972,24.9,25.41,24.54,24.6,18843
28/02/1972,24.6,24.6,23.04,23.4,27924
29/02/1972,23.01,23.58,22.68,22.92,30339
01/03/1972,23.25,24,22.8,23.97,26619
02/03/1972,24.12,24.36,23.94,24.21,23859
03/03/1972,24.45,24.9,24.39,24.9,25878
04/03/1972,24.84,24.99,24.15,24.39,23835
05/03/1972,24.6,25.59,24.6,25.29,34464
06/03/1972,25.44,25.59,24.99,25.35,17172
07/03/1972,25.65,25.83,25.14,25.2,19485
08/03/1972,24.9,25.32,24.75,25.29,20985
09/03/1972,25.11,25.26,24.99,25.17,18870
10/03/1972,24.87,25.41,24.63,25.32,19269
11/03/1972,25.17,25.32,24.75,24.78,12276
12/03/1972,24.63,24.81,24.51,24.57,17358
13/03/1972,24.48,25.92,24.48,25.89,40458
14/03/1972,25.74,26.52,25.56,26.43,41868
15/03/1972,26.1,26.55,25.8,26.4,24438
16/03/1972,26.1,26.31,25.86,26.04,13470
17/03/1972,25.77,27.27,25.77,27.24,49083
18/03/1972,27,27.36,26.58,26.61,25497
19/03/1972,27,27.24,26.19,26.46,32586
20/03/1972,26.34,26.88,26.19,26.7,20553
21/03/1972,26.73,27.48,26.43,27.42,23289
22/03/1972,27.15,27.66,26.97,26.97,23886
23/03/1972,27.12,27.24,26.61,27.12,15993
24/03/1972,26.94,27.09,26.61,26.64,11514
25/03/1972,26.85,27.06,25.41,25.53,29427
26/03/1972,25.8,25.89,25.59,25.71,19557
27/03/1972,25.35,26.01,25.35,25.65,23238
28/03/1972,25.86,25.92,25.5,25.68,19773
29/03/1972,25.95,26.52,25.95,26.1,42447
30/03/1972,26.25,26.31,25.83,25.95,16938
31/03/1972,26.16,26.31,25.92,26.22,23493
01/04/1972,26.34,26.49,26.16,26.34,16836
02/04/1972,26.34,26.4,25.35,25.74,29937
03/04/1972,25.95,26.07,25.74,25.8,14235
04/04/1972,25.68,26.01,25.62,25.98,12873
05/04/1972,25.89,26.19,25.8,26.16,21423
06/04/1972,26.19,26.19,25.89,26.1,15165
07/04/1972,25.89,25.95,25.5,25.56,19893
08/04/1972,25.5,26.01,25.35,26.01,19953
09/04/1972,26.01,26.94,26.01,26.91,26697
10/04/1972,26.82,26.91,25.92,25.98,12465
11/04/1972,25.95,26.1,25.38,25.41,18897
12/04/1972,25.41,25.44,24.51,24.96,9363
13/04/1972,24.3,24.75,23.25,23.37,7833
14/04/1972,25.5,25.62,24.3,24.36,40287
15/04/1972,24.6,25.38,24.6,25.14,26139
16/04/1972,25.11,25.41,24.63,24.87,22182
17/04/1972,24.9,25.41,24.9,25.29,11997
18/04/1972,25.2,25.47,25.05,25.41,10467
19/04/1972,25.44,26.67,25.44,26.61,23610
20/04/1972,26.58,26.76,26.25,26.73,21258
21/04/1972,26.52,27.6,26.43,27.51,41154
22/04/1972,27.24,27.99,27.21,27.75,34899
23/04/1972,27.33,28.02,27.21,27.93,21162
24/04/1972,27.96,28.5,27.69,27.72,23190
25/04/1972,27.75,28.05,27.48,27.81,15924
26/04/1972,27.66,27.96,27.48,27.57,12087
27/04/1972,27.33,28.59,27.33,28.47,21120
28/04/1972,28.35,28.56,28.11,28.47,9795
29/04/1972,28.35,28.8,27.54,28.23,22044
30/04/1972,28.08,28.2,27.66,28.02,14343
01/05/1972,27.75,28.02,27.48,27.66,14484
02/05/1972,27.45,27.9,27.21,27.57,15321
03/05/1972,27.63,29.07,27.63,28.11,25698
04/05/1972,28.68,28.92,28.26,28.41,18792
05/05/1972,29.04,29.94,28.98,29.88,22839
06/05/1972,29.25,29.91,29.19,29.34,13656
07/05/1972,29.16,30.15,29.16,30,20541
08/05/1972,30.6,31.14,30.6,30.96,19314
09/05/1972,30.57,30.87,30.3,30.48,15039
10/05/1972,29.85,30,29.4,29.55,15255
11/05/1972,29.04,29.94,28.74,29.88,15846
12/05/1972,30.18,30.45,29.64,30,31719
13/05/1972,29.94,30.03,29.01,29.04,16887
14/05/1972,28.89,29.67,28.89,29.61,15897
15/05/1972,29.49,29.97,29.25,29.31,12792
16/05/1972,29.43,29.79,28.95,29.07,10875
17/05/1972,29.01,31.14,29.01,31.02,16272
18/05/1972,31.74,32.79,31.59,32.61,16269
19/05/1972,32.7,33.3,31.92,33.24,12978
20/05/1972,33.09,33.51,32.55,33.45,8877
21/05/1972,32.55,33.54,32.55,32.82,17418
22/05/1972,32.46,32.7,32.25,32.58,5316
23/05/1972,33.45,35.94,33.45,35.88,19296
24/05/1972,39.6,40.35,37.5,37.86,18954
25/05/1972,36.45,38.1,35.25,37.95,13380
26/05/1972,39.3,41.1,38.1,39.99,7920
27/05/1972,38.25,39.9,38.25,39.81,69153
28/05/1972,39.75,40.44,38.1,38.46,90957
29/05/1972,39.36,42.3,38.76,41.97,88725
30/05/1972,42.39,43.2,40.53,40.62,82392
31/05/1972,40.05,41.91,39.96,41.79,68385
01/06/1972,39.6,40.86,39.24,40.17,63345
02/06/1972,39.75,42.24,39.51,42.15,74811
03/06/1972,42.36,44.04,42.12,43.68,78933
04/06/1972,44.94,46.92,44.94,45.81,92541
05/06/1972,46.5,46.65,44.7,45.69,64137
06/06/1972,43.8,44.67,42.9,43.83,66180
07/06/1972,43.2,46.26,42.96,45.9,76470
08/06/1972,45.78,46.17,42,42.51,90567
09/06/1972,41.4,43.74,39.6,40.53,110853
10/06/1972,41.1,42.63,40.65,42.48,77988
11/06/1972,43.95,44.34,42.39,43.41,62880
12/06/1972,41.16,41.55,35.4,36.18,116937
13/06/1972,36.45,37.32,33.75,34.05,63366
14/06/1972,33.3,35.16,32.25,32.46,79386
15/06/1972,33.45,35.25,33.45,34.62,49692
16/06/1972,35.4,36.57,34.41,34.89,47265
17/06/1972,34.35,36.9,31.59,36.78,81042
18/06/1972,35.37,36.57,34.35,34.53,44526
19/06/1972,35.7,36.3,34.56,36.15,44088
20/06/1972,35.25,35.85,34.95,35.82,29499
21/06/1972,35.19,35.31,33.21,34.65,47973
22/06/1972,34.74,35.1,34.08,34.77,25290
23/06/1972,34.26,35.31,33.9,35.07,26568
24/06/1972,34.5,35.1,33.9,34.2,33972
25/06/1972,35.4,36.15,31.5,32.31,63177
26/06/1972,31.29,32.46,30.87,32.4,40191
27/06/1972,32.4,32.64,31.35,31.47,27735
28/06/1972,31.02,31.17,29.55,29.58,46425
29/06/1972,30.45,31.02,30.12,30.54,27315
30/06/1972,30.9,30.96,29.85,30.69,27618
01/07/1972,30.12,30.75,29.94,30.39,20079
02/07/1972,30.48,31.56,30.42,30.81,20415
03/07/1972,30.51,31.38,30.51,31.26,15198
04/07/1972,31.41,31.62,30.75,30.84,13842
05/07/1972,30.96,31.05,30.54,30.57,10536
06/07/1972,30.45,30.72,29.94,30.09,13869
07/07/1972,30.03,30.6,29.94,30.45,23250
08/07/1972,30.15,30.87,29.67,30.75,22455
09/07/1972,30.75,31.95,30.75,31.92,22362
10/07/1972,31.65,32.04,31.14,31.62,11985
11/07/1972,31.8,31.92,30.93,31.14,14067
12/07/1972,31.23,31.41,29.85,29.91,22971
13/07/1972,29.73,30.15,29.28,30.03,29196
14/07/1972,29.85,30.03,29.43,29.88,53304
15/07/1972,29.61,29.85,29.49,29.76,15423
16/07/1972,29.64,30.99,29.64,30.9,23268
17/07/1972,30.69,31.59,30.66,31.56,17781
18/07/1972,31.38,31.92,31.35,31.86,17937
19/07/1972,31.65,32.16,29.55,30.18,20331
20/07/1972,29.85,29.91,27.96,27.99,17694
21/07/1972,29.01,29.34,28.29,29.13,8142
22/07/1972,28.95,29.64,28.95,29.16,14013
23/07/1972,29.4,30.06,29.4,29.7,11964
24/07/1972,30.12,30.54,29.85,29.97,16020
25/07/1972,30.03,30.12,28.41,28.47,9339
26/07/1972,28.65,29.85,27.84,29.58,14808
27/07/1972,29.25,29.46,28.35,28.38,12909
28/07/1972,28.41,30,28.32,29.82,26298
29/07/1972,28.8,31.8,28.8,31.17,19734
30/07/1972,28.35,28.65,27.36,27.81,36579
31/07/1972,27.66,28.26,27.66,28.05,32727
01/08/1972,28.23,28.59,27.66,28.35,25422
02/08/1972,28.44,28.71,27.99,28.14,28137
03/08/1972,28.02,28.71,27.93,28.26,19857
04/08/1972,28.32,28.44,27.51,27.63,12726
05/08/1972,27.48,28.02,27.3,27.99,21699
06/08/1972,28.2,29.28,28.2,29.19,49260
07/08/1972,29.04,29.82,29.04,29.37,46380
08/08/1972,29.34,29.73,28.8,28.89,23700
09/08/1972,28.95,29.55,28.77,29.55,21501
10/08/1972,29.7,30.39,28.92,28.98,58317
11/08/1972,29.04,29.37,28.5,29.07,35517
12/08/1972,29.22,29.79,29.01,29.76,29127
13/08/1972,30.3,30.84,30.06,30.78,60486
14/08/1972,30.75,31.32,30.27,31.08,51429
15/08/1972,30.78,31.14,30.45,30.45,31365
16/08/1972,30.51,31.35,30.33,31.2,31242
17/08/1972,31.05,31.62,30.84,30.99,35829
18/08/1972,31.14,31.44,30.72,30.87,29190
19/08/1972,30.66,31.83,30.66,31.77,27243
20/08/1972,31.62,31.68,30.99,31.08,29397
21/08/1972,31.44,32.01,31.2,31.71,40128
22/08/1972,31.83,31.95,31.32,31.41,34176
23/08/1972,31.38,31.5,30.36,30.57,57804
24/08/1972,30.51,30.75,30.3,30.57,17520
25/08/1972,30.72,30.96,30.3,30.33,16578
26/08/1972,30.24,31.14,30.21,31.08,27165
27/08/1972,30.75,31.11,30.51,30.99,22812
28/08/1972,30.78,30.84,30.21,30.24,29892
29/08/1972,30.24,31.5,30.12,31.38,46788
30/08/1972,31.08,31.32,30.51,30.63,30213
31/08/1972,30.66,30.84,30.45,30.48,19227
01/09/1972,30.3,30.33,29.76,29.76,54921
02/09/1972,29.82,30.87,29.73,30.78,38232
03/09/1972,30.48,30.66,30.33,30.48,17664
04/09/1972,30.51,32.01,30.3,31.95,14631
05/09/1972,31.92,33.24,31.92,32.82,121275
06/09/1972,33.33,34.02,32.73,32.91,73977
07/09/1972,33.03,33.99,32.7,33.9,70074
08/09/1972,33.75,33.81,33,33.21,43485
09/09/1972,33.42,34.35,33.21,34.32,40170
10/09/1972,34.56,35.01,34.26,34.62,73599
11/09/1972,34.5,34.62,34.11,34.29,25185
12/09/1972,33.96,34.17,33.39,33.51,44793
13/09/1972,33.15,34.59,33.09,34.41,46269
14/09/1972,34.05,34.65,33.48,33.93,48315
15/09/1972,33.84,35.64,33.51,35.58,90900
16/09/1972,35.67,36,35.19,35.49,41697
17/09/1972,35.16,35.22,34.62,34.92,45384
18/09/1972,34.89,35.07,34.47,34.8,34353
19/09/1972,34.56,34.65,32.4,32.52,107574
20/09/1972,32.46,33.27,32.46,33.12,48351
21/09/1972,33.06,33.54,32.82,32.97,32637
22/09/1972,32.52,34.29,32.16,33.78,70731
23/09/1972,33.51,33.99,33.15,33.18,26571
24/09/1972,32.94,33.84,32.85,33.27,32124
25/09/1972,33.09,33.99,33.06,33.24,15345
26/09/1972,33.48,33.96,33.21,33.48,16794
27/09/1972,33.33,33.87,33.24,33.45,22188
28/09/1972,33.57,33.63,33.21,33.3,16137
29/09/1972,33.33,33.57,33.33,33.45,6729
30/09/1972,33,33.09,30.75,31.11,121470
01/10/1972,31.32,31.65,31.05,31.38,48945
02/10/1972,31.14,31.26,30.3,30.57,57357
03/10/1972,30.45,31.35,30.24,31.23,46290
04/10/1972,31.05,31.14,30.66,30.81,33984
05/10/1972,31.05,31.32,30.3,30.3,43047
06/10/1972,30.12,30.57,29.58,29.64,55356
07/10/1972,29.34,30.39,28.95,30.09,56259
08/10/1972,29.7,29.79,29.34,29.55,26289
09/10/1972,29.52,30.42,29.43,30.09,34893
10/10/1972,30.48,30.72,29.19,29.43,40803
11/10/1972,29.58,29.76,29.31,29.67,18804
12/10/1972,29.85,30.69,29.64,29.73,41595
13/10/1972,29.88,29.97,29.61,29.88,14274
14/10/1972,29.58,29.67,29.04,29.46,29106
15/10/1972,29.04,29.13,28.2,28.2,46512
16/10/1972,28.11,28.59,27.78,28.53,34266
17/10/1972,28.38,28.77,28.2,28.29,23661
18/10/1972,28.29,29.28,28.23,29.01,36612
19/10/1972,29.01,29.55,28.74,29.25,24738
20/10/1972,29.52,31.5,29.52,31.47,50748
21/10/1972,31.14,31.35,30.45,30.84,31764
22/10/1972,31.17,31.65,30.57,30.78,27411
23/10/1972,30.51,30.66,29.64,30.3,32346
24/10/1972,29.97,31.08,29.61,30.96,32808
25/10/1972,30.9,31.02,30.45,30.66,16734
26/10/1972,30.39,31.14,30.06,30.84,24480
27/10/1972,31.26,32.01,31.14,31.95,29190
28/10/1972,31.86,31.92,30.81,31.02,68559
29/10/1972,31.02,31.35,30.63,30.78,22626
30/10/1972,30.45,31.35,30.45,31.29,19410
31/10/1972,31.5,31.65,31.26,31.44,20553
01/11/1972,31.8,33,31.8,32.91,27897
02/11/1972,32.85,35.1,32.7,35.04,28071
03/11/1972,34.89,34.92,33.81,33.99,23865
04/11/1972,34.02,34.56,33.48,34.2,16095
05/11/1972,33.63,33.78,33,33.45,14586
06/11/1972,33.06,34.05,32.7,32.85,23079
07/11/1972,33.3,33.39,31.95,32.7,18588
08/11/1972,33.45,33.84,31.5,32.25,11106
09/11/1972,34.59,34.8,33.78,33.96,35196
10/11/1972,33.24,34.11,33.06,33.33,45789
11/11/1972,33.15,33.84,33.15,33.63,25479
12/11/1972,34.14,34.56,34.05,34.17,26739
13/11/1972,34.08,34.38,33.93,33.96,18279
14/11/1972,34.05,35.37,34.05,35.25,42090
15/11/1972,35.94,36.75,35.85,35.94,62406
16/11/1972,36.06,37.14,35.64,35.73,62889
17/11/1972,35.88,36.78,35.88,36.69,38856
18/11/1972,36.87,37.14,36,36.39,55995
19/11/1972,37.05,37.17,35.55,36.24,49800
20/11/1972,36.24,37.83,35.94,37.77,71679
21/11/1972,37.05,37.65,36.84,36.93,32379
22/11/1972,36.72,37.59,36.42,37.47,29508
23/11/1972,37.05,37.17,36.3,36.78,28206
24/11/1972,36.15,36.3,34.47,34.89,74391
25/11/1972,34.2,34.38,33.27,33.33,58614
26/11/1972,33.6,34.05,33.3,33.45,26679
27/11/1972,33.57,34.05,33.42,33.93,24375
28/11/1972,34.32,36.99,34.2,36.6,83961
29/11/1972,36.06,36.84,35.7,35.85,36084
30/11/1972,35.52,38.04,34.95,37.86,65403
01/12/1972,37.65,39.15,37.35,38.97,59574
02/12/1972,38.25,38.55,37.2,37.83,55329
03/12/1972,36.96,37.8,36.6,37.08,37095
04/12/1972,37.2,38.31,37.2,37.98,43044
05/12/1972,38.16,38.55,35.25,37.11,64938
06/12/1972,36.72,36.78,35.58,35.64,25209
07/12/1972,35.52,36.54,35.52,35.82,39846
08/12/1972,36.45,37.26,35.55,36.03,45984
09/12/1972,35.79,36.51,35.28,35.97,29685
10/12/1972,36.18,36.27,35.82,35.85,34983
11/12/1972,35.4,37.17,35.04,36.75,43101
12/12/1972,36.69,37.35,36.45,36.78,33225
13/12/1972,37.05,37.8,37.05,37.65,29745
14/12/1972,38.04,38.22,37.08,37.53,43527
15/12/1972,37.95,38.25,37.23,37.62,35097
16/12/1972,37.59,37.89,37.2,37.8,29232
17/12/1972,37.98,38.07,37.38,37.5,28332
18/12/1972,37.38,37.5,36.45,36.63,33873
19/12/1972,36.15,36.84,36.15,36.33,34140
20/12/1972,36.48,36.54,34.05,35.37,17592
21/12/1972,34.8,36.6,34.14,36.57,63336
22/12/1972,36.99,37.05,36.06,36.39,32277
23/12/1972,36.39,36.63,35.85,36.54,19209
24/12/1972,36.48,37.44,36.42,37.32,28074
25/12/1972,37.32,37.56,36.75,36.96,29385
26/12/1972,36.69,37.41,36.45,37.35,23637
27/12/1972,37.14,37.8,36.9,36.93,32808
28/12/1972,36.81,37.44,36.51,37.35,26247
29/12/1972,37.8,38.31,37.62,38.16,43041
30/12/1972,38.4,38.52,37.65,38.01,26766
31/12/1972,37.35,37.59,37.02,37.05,18660
01/01/1973,37.35,37.83,36.99,37.62,27921
02/01/1973,37.86,38.01,36.3,37.44,67410
03/01/1973,37.29,37.44,36.93,36.99,18321
04/01/1973,36.99,37.05,36.54,36.57,19947
05/01/1973,36.18,36.3,34.95,35.13,39006
06/01/1973,35.31,35.49,34.59,34.62,32637
07/01/1973,34.29,34.44,33.57,33.6,27240
08/01/1973,33.75,34.14,33.42,33.45,31626
09/01/1973,34.05,34.2,33.27,33.42,31038
10/01/1973,33.36,33.78,33,33.18,26496
11/01/1973,33.21,33.36,32.55,32.58,21687
12/01/1973,32.88,34.23,32.82,34.17,42138
13/01/1973,34.38,34.47,33.9,34.26,13416
14/01/1973,33.66,33.78,32.94,33.75,23055
15/01/1973,33.03,33.84,32.94,33.51,17466
16/01/1973,33.75,34.29,33.66,33.99,11247
17/01/1973,34.65,35.46,34.5,35.16,25680
18/01/1973,35.25,35.46,34.38,34.71,35520
19/01/1973,34.71,35.46,34.44,35.43,13476
20/01/1973,35.79,35.94,35.49,35.58,16047
21/01/1973,35.7,36.93,35.7,36.9,19092
22/01/1973,37.05,38.4,37.05,38.19,26337
23/01/1973,38.1,39.3,38.1,39.18,22944
24/01/1973,39.9,40.11,38.97,39,15075
25/01/1973,38.94,39.15,38.25,38.7,15696
26/01/1973,39.21,39.6,38.61,39.15,13224
27/01/1973,40.95,42.09,40.74,41.97,19320
28/01/1973,41.4,41.7,40.92,41.16,13674
29/01/1973,40.44,41.1,40.44,41.07,10602
30/01/1973,41.13,41.25,40.56,41.1,15099
31/01/1973,42,42.3,40.95,41.04,11115
01/02/1973,40.92,41.85,40.92,41.76,11391
02/02/1973,42.9,43.05,42,42.99,5346
03/02/1973,43.95,44.1,39.9,40.38,120249
04/02/1973,39.06,42.6,39.06,39.36,113826
05/02/1973,40.35,41.19,39.18,39.24,59550
06/02/1973,39.15,40.05,38.61,38.67,49953
07/02/1973,39.3,39.96,37.2,37.5,94269
08/02/1973,37.65,38.64,37.41,37.77,64653
09/02/1973,38.22,41.25,38.22,41.01,96144
10/02/1973,40.95,42.39,40.59,42.27,76605
11/02/1973,41.49,42.09,40.65,41.91,49278
12/02/1973,41.58,42.81,41.31,42.75,46698
13/02/1973,43.17,43.95,42.99,43.2,66663
14/02/1973,43.8,43.86,41.55,42.99,80934
15/02/1973,43.29,43.41,42.18,42.78,31005
16/02/1973,42.78,42.96,41.73,41.82,38397
17/02/1973,40.98,42.69,40.92,42.27,45201
18/02/1973,42.75,44.01,42.6,42.66,62559
19/02/1973,42.9,43.62,42.09,43.41,45489
20/02/1973,44.1,44.37,42.15,44.01,77652
21/02/1973,43.95,44.1,42.99,43.95,43464
22/02/1973,42.66,43.44,42.33,42.36,48174
23/02/1973,42.51,43.41,42.33,43.29,32280
24/02/1973,43.35,43.95,42.93,43.8,42945
25/02/1973,43.68,43.71,42.42,42.54,57591
26/02/1973,42.3,42.75,41.7,41.82,57432
27/02/1973,41.85,42.3,41.25,41.43,38073
28/02/1973,41.25,42.57,41.25,42.21,40428
01/03/1973,42.24,42.51,41.49,41.55,17367
02/03/1973,41.61,43.32,41.34,43.26,49704
03/03/1973,42.84,43.11,40.71,40.89,71838
04/03/1973,40.71,41.25,40.26,40.32,55659
05/03/1973,40.5,42.15,40.5,40.95,51297
06/03/1973,41.01,41.52,40.68,41.07,25032
07/03/1973,40.68,40.89,40.05,40.14,36852
08/03/1973,40.29,40.47,39.99,40.05,21102
09/03/1973,40.65,42,40.65,41.85,43314
10/03/1973,41.91,42.45,41.37,42.39,35817
11/03/1973,41.88,42.54,41.46,41.7,40890
12/03/1973,41.64,41.82,41.46,41.52,18096
13/03/1973,41.34,41.52,39.18,39.42,68433
14/03/1973,39.9,40.05,39.12,39.63,45450
15/03/1973,39.39,39.96,39.39,39.81,22032
16/03/1973,40.17,40.41,39.33,40.17,36765
17/03/1973,39.78,40.08,39.48,39.96,14985
18/03/1973,39.66,40.35,39.39,40.14,30300
19/03/1973,40.14,40.32,39.78,39.84,14547
20/03/1973,39.39,40.95,39.39,40.83,47775
21/03/1973,40.65,41.01,40.35,40.74,71679
22/03/1973,40.2,40.74,40.2,40.29,18156
23/03/1973,40.86,42,40.86,41.85,32511
24/03/1973,41.61,42.3,41.49,42.21,31842
25/03/1973,41.61,41.82,40.95,40.98,36477
26/03/1973,41.1,41.94,41.1,41.91,25272
27/03/1973,42.09,43.2,42.09,43.08,23850
28/03/1973,42.36,43.32,42.36,42.81,19791
29/03/1973,43.14,43.35,42.3,42.57,21930
30/03/1973,42.75,43.44,42.6,43.38,14232
31/03/1973,43.5,43.95,43.2,43.83,17067
01/04/1973,44.1,44.64,43.95,44.46,19593
02/04/1973,44.25,44.46,43.47,44.04,17910
03/04/1973,44.52,44.94,44.31,44.64,20481
04/04/1973,44.88,44.97,43.53,43.56,23670
05/04/1973,43.65,45,42.6,44.64,14007
06/04/1973,42.27,42.54,41.73,41.76,26772
07/04/1973,42.15,42.3,41.58,41.79,32511
08/04/1973,41.64,43.26,41.64,43.11,58128
09/04/1973,42.66,43.02,42.18,42.3,43833
10/04/1973,41.88,42.06,40.74,40.83,86925
11/04/1973,40.83,41.55,40.83,41.25,27612
12/04/1973,41.4,41.73,40.98,41.1,32427
13/04/1973,41.37,41.91,41.07,41.13,37350
14/04/1973,41.01,41.55,40.98,41.55,20709
15/04/1973,41.76,42.9,41.76,42.87,45627
16/04/1973,41.67,42.66,41.67,41.91,44427
17/04/1973,41.97,42.72,41.64,42.33,42162
18/04/1973,42.51,42.9,42.21,42.81,28398
19/04/1973,42.69,43.02,42.48,42.81,24363
20/04/1973,42.57,42.75,42.27,42.48,15933
21/04/1973,41.76,41.91,41.22,41.37,51105
22/04/1973,41.49,41.64,41.28,41.49,23676
23/04/1973,41.46,42.21,41.46,42.18,21606
24/04/1973,42,42.24,41.7,42,18402
25/04/1973,42.21,42.6,42.18,42.21,26448
26/04/1973,42.09,42.54,41.82,42.27,26814
27/04/1973,41.97,42.18,41.88,41.91,17742
28/04/1973,41.88,43.62,41.88,43.59,75780
29/04/1973,43.5,43.95,43.47,43.83,43410
30/04/1973,43.62,44.04,43.53,43.56,32076
01/05/1973,43.26,43.47,43.08,43.17,27798
02/05/1973,43.95,44.55,43.95,44.37,47589
03/05/1973,43.98,44.67,43.98,44.52,30942
04/05/1973,44.34,45.09,44.34,45.03,48903
05/05/1973,45.42,45.6,45.18,45.57,42585
06/05/1973,44.73,45.09,44.49,44.61,43848
07/05/1973,45.09,45.78,44.91,45.72,38259
08/05/1973,45.42,45.6,44.97,45,35061
09/05/1973,44.67,44.97,44.61,44.67,33351
10/05/1973,44.7,46.14,44.28,46.08,63249
11/05/1973,45.99,46.05,45.15,45.21,33681
12/05/1973,45.06,45.51,44.55,44.67,53376
13/05/1973,44.46,44.76,44.1,44.7,51216
14/05/1973,45.39,45.51,43.8,43.8,65106
15/05/1973,43.5,44.22,43.38,43.68,52464
16/05/1973,42.75,43.17,42.33,42.42,72786
17/05/1973,42.42,42.81,41.94,42.45,68916
18/05/1973,42.57,42.96,42.03,42.03,45930
19/05/1973,41.31,41.4,40.29,40.38,112464
20/05/1973,40.8,41.13,40.41,40.44,50388
21/05/1973,41.19,41.94,41.1,41.76,55749
22/05/1973,41.4,41.61,41.1,41.22,23730
23/05/1973,41.28,41.61,40.83,41.13,43629
24/05/1973,41.1,41.25,40.68,40.77,16524
25/05/1973,40.62,41.58,40.59,41.16,34725
26/05/1973,41.43,41.79,41.25,41.28,22284
27/05/1973,41.4,41.94,41.07,41.1,26406
28/05/1973,41.07,41.58,41.01,41.04,19809
29/05/1973,41.16,41.31,41.1,41.19,12282
30/05/1973,41.28,41.46,40.86,40.86,20511
31/05/1973,40.71,40.74,39.12,39.21,71337
01/06/1973,39.06,39.15,38.34,38.58,74715
02/06/1973,38.61,39.21,38.61,39.12,17001
03/06/1973,39.3,39.51,38.37,38.4,14259
04/06/1973,38.55,39.66,38.43,39.51,28425
05/06/1973,39.51,40.14,39.24,39.63,26157
06/06/1973,39.93,40.05,39.42,39.48,14487
07/06/1973,39.57,39.84,39,39.06,17217
08/06/1973,38.94,42.75,38.94,42.66,82506
09/06/1973,42.15,42.75,41.79,42.51,68259
10/06/1973,42.36,42.81,42.06,42.48,35760
11/06/1973,42.6,43.11,42.15,42.18,31494
12/06/1973,42.39,43.02,42.12,42.99,34995
13/06/1973,43.5,43.77,43.05,43.62,59388
14/06/1973,43.5,43.74,43.32,43.56,24126
15/06/1973,43.59,44.28,43.47,43.68,50532
16/06/1973,43.44,44.1,43.44,43.95,25335
17/06/1973,42.75,43.92,42.54,43.44,61686
18/06/1973,43.5,44.19,42.84,42.9,51732
19/06/1973,42.9,43.32,42.81,43.23,27333
20/06/1973,43.2,43.29,42.75,42.78,19719
21/06/1973,42.6,43.98,42.6,43.8,42225
22/06/1973,44.04,44.7,44.04,44.13,38475
23/06/1973,43.95,44.55,43.77,44.55,26871
24/06/1973,44.94,45.75,44.64,45.48,60288
25/06/1973,45.42,45.51,44.58,44.58,41481
26/06/1973,44.79,44.88,44.31,44.61,29676
27/06/1973,44.79,45.15,43.29,43.32,48348
28/06/1973,43.41,44.25,43.23,44.19,28785
29/06/1973,44.55,45.36,43.5,44.4,51777
30/06/1973,44.46,44.76,44.01,44.43,22419
01/07/1973,44.1,44.73,44.1,44.58,22065
02/07/1973,44.25,44.31,43.74,43.8,32904
03/07/1973,43.35,45,43.35,44.91,58731
04/07/1973,44.64,44.88,44.4,44.58,32811
05/07/1973,44.64,45.45,44.52,45.36,127095
06/07/1973,45.15,45.51,44.73,44.82,26766
07/07/1973,44.55,44.61,43.65,43.68,42978
08/07/1973,44.07,44.52,43.95,44.1,29175
09/07/1973,43.86,44.34,43.77,44.22,28920
10/07/1973,44.07,44.49,44.04,44.34,22077
11/07/1973,44.34,44.4,43.32,43.47,29589
12/07/1973,43.35,43.74,43.35,43.71,27594
13/07/1973,43.44,44.34,43.14,44.19,25050
14/07/1973,43.92,44.19,43.35,43.38,22413
15/07/1973,43.05,43.74,43.05,43.26,24174
16/07/1973,42.87,43.14,42.39,43.08,17679
17/07/1973,42.75,43.5,42.45,42.93,19185
18/07/1973,43.32,43.56,42.66,42.69,36480
19/07/1973,42.84,43.53,42.54,43.41,49245
20/07/1973,43.74,45,43.59,44.94,72309
21/07/1973,44.82,45.12,44.52,44.58,56247
22/07/1973,45.09,45.3,44.88,45.18,32610
23/07/1973,45.36,46.71,45.36,46.56,99840
24/07/1973,46.65,47.28,46.65,47.25,72327
25/07/1973,46.44,47.04,46.32,46.71,33969
26/07/1973,46.56,47.25,46.56,47.19,27588
27/07/1973,47.58,47.7,46.59,46.62,45792
28/07/1973,46.71,48.06,46.68,47.79,46365
29/07/1973,48.6,48.84,48.36,48.39,46755
30/07/1973,47.58,47.91,47.19,47.61,44850
31/07/1973,48,48.15,47.19,47.49,45384
01/08/1973,47.01,47.94,47.01,47.37,35124
02/08/1973,47.01,47.1,46.38,46.44,54666
03/08/1973,46.74,46.95,46.47,46.62,20136
04/08/1973,46.26,46.8,46.26,46.65,18501
05/08/1973,46.2,46.62,45.81,46.05,45912
06/08/1973,46.02,47.04,46.02,46.77,39633
07/08/1973,46.41,47.16,46.41,47.1,26436
08/08/1973,47.4,47.61,47.01,47.07,19731
09/08/1973,46.65,46.95,45.24,45.27,47331
10/08/1973,45.42,46.14,45.42,45.75,42513
11/08/1973,45.54,45.9,45.24,45.6,31638
12/08/1973,45.54,45.87,45.09,45.36,34278
13/08/1973,45.15,45.81,45.12,45.48,23337
14/08/1973,45.15,46.41,45.15,46.38,27708
15/08/1973,46.35,46.56,45.99,46.5,21168
16/08/1973,46.56,46.62,46.17,46.41,27306
17/08/1973,46.56,46.62,46.02,46.05,55680
18/08/1973,45.93,45.99,44.76,44.94,29517
19/08/1973,44.97,45.42,44.73,44.76,23037
20/08/1973,44.7,46.47,44.7,46.2,23697
21/08/1973,46.02,46.11,45.24,45.48,14994
22/08/1973,45.6,45.99,45.45,45.84,18465
23/08/1973,45.9,45.96,45.66,45.93,9804
24/08/1973,45.9,46.5,45.9,46.2,21801
25/08/1973,46.8,47.7,46.8,47.31,17685
26/08/1973,47.1,47.52,46.98,47.34,23745
27/08/1973,47.91,48.15,47.76,47.88,5244
28/08/1973,47.88,48.03,47.37,47.7,11220
29/08/1973,48,48.81,47.16,47.88,63594
30/08/1973,47.7,48.12,47.34,47.7,22608
31/08/1973,47.28,47.67,46.77,46.8,34692
01/09/1973,46.53,46.74,42.75,43.32,120813
02/09/1973,43.56,44.34,43.2,43.8,42681
03/09/1973,44.04,44.37,43.8,44.34,29145
04/09/1973,44.43,44.55,43.32,43.98,32781
05/09/1973,43.59,44.19,43.5,43.95,18546
06/09/1973,44.4,44.82,44.4,44.64,28926
07/09/1973,44.67,45.15,44.01,44.37,24096
08/09/1973,44.13,44.25,43.35,43.8,30492
09/09/1973,43.5,44.37,43.5,44.04,28398
10/09/1973,44.04,44.19,43.11,43.38,21339
11/09/1973,43.23,43.5,42.78,42.9,30162
12/09/1973,42.36,43.74,42.27,43.56,30939
13/09/1973,43.59,43.95,43.26,43.68,21768
14/09/1973,43.44,43.68,42.93,43.05,18477
15/09/1973,43.05,44.46,42.9,44.4,41436
16/09/1973,44.07,44.4,43.98,44.07,13017
17/09/1973,43.89,43.89,41.7,42.09,35964
18/09/1973,42.15,42.33,40.59,41.13,50427
19/09/1973,41.34,41.64,40.77,41.04,26544
20/09/1973,40.62,40.71,38.85,39.87,35265
21/09/1973,40.17,40.8,40.08,40.74,19872
22/09/1973,40.47,40.83,39.99,40.32,26640
23/09/1973,40.59,40.8,40.23,40.74,19179
24/09/1973,40.89,41.1,40.56,40.62,25830
25/09/1973,40.65,40.83,40.2,40.26,62472
26/09/1973,40.14,40.83,40.14,40.53,13167
27/09/1973,40.77,40.95,38.73,38.79,26172
28/09/1973,38.37,39.6,38.37,38.76,35358
29/09/1973,38.58,38.7,36.45,36.75,30252
30/09/1973,37.05,38.46,37.05,38.01,25533
01/10/1973,37.59,37.83,36.96,37.65,12924
02/10/1973,37.68,38.4,37.65,38.1,20205
03/10/1973,38.25,38.67,38.04,38.22,8679
04/10/1973,37.95,37.98,37.14,37.74,14163
05/10/1973,37.5,37.83,37.35,37.47,8988
06/10/1973,36.9,37.71,36.9,37.56,16707
07/10/1973,37.47,37.74,37.05,37.14,16929
08/10/1973,37.35,38.1,37.35,37.98,27390
09/10/1973,37.59,38.16,37.59,37.89,14508
10/10/1973,38.55,39.3,37.2,38.97,17352
11/10/1973,38.7,40.05,38.43,39.78,82986
12/10/1973,39.54,39.87,39.3,39.84,29805
13/10/1973,39.63,39.75,38.82,39.3,35262
14/10/1973,38.7,38.79,37.35,37.77,47673
15/10/1973,37.05,37.26,35.1,35.7,87426
16/10/1973,35.37,36.42,35.25,36.3,57066
17/10/1973,35.64,36.15,35.52,35.91,29811
18/10/1973,35.64,36.57,34.77,36.51,51711
19/10/1973,36.39,36.66,36.24,36.42,16815
20/10/1973,35.88,35.97,34.92,35.16,33402
21/10/1973,34.23,34.41,33.39,33.57,63750
22/10/1973,33.15,33.24,32.7,32.97,41850
23/10/1973,33.69,34.65,33.63,34.29,43317
24/10/1973,34.2,34.65,34.2,34.59,18798
25/10/1973,34.05,34.29,32.79,33.42,29229
26/10/1973,34.23,34.35,33.66,33.81,19764
27/10/1973,34.05,34.44,33.81,34.35,20295
28/10/1973,34.35,34.47,34.02,34.11,14595
29/10/1973,34.11,34.35,34.11,34.14,11076
30/10/1973,34.14,34.2,33.69,33.84,13494
31/10/1973,33.78,33.96,33.12,33.27,24867
01/11/1973,32.49,32.7,31.35,31.65,54000
02/11/1973,31.8,31.86,30.96,31.17,44145
03/11/1973,29.91,30.27,29.34,29.7,54708
04/11/1973,30.54,31.53,30.54,31.26,41901
05/11/1973,31.11,31.68,31.11,31.5,28995
06/11/1973,30.75,31.53,30.75,31.17,29076
07/11/1973,31.56,32.16,31.35,31.41,32250
08/11/1973,31.35,31.74,31.35,31.47,11124
09/11/1973,31.44,32.94,31.32,32.34,43869
10/11/1973,32.55,33.15,32.46,32.7,27660
11/11/1973,32.46,33.57,32.46,33.42,32130
12/11/1973,33.9,34.44,33.6,34.2,35070
13/11/1973,33.54,34.23,33.54,33.84,21843
14/11/1973,33.45,33.84,33.15,33.27,20550
15/11/1973,32.94,33.09,32.61,33.06,28053
16/11/1973,33.63,34.32,33.63,33.93,37875
17/11/1973,33.84,35.13,33.84,35.01,38181
18/11/1973,34.62,34.95,34.29,34.32,32211
19/11/1973,34.41,34.47,34.08,34.41,17646
20/11/1973,34.38,34.47,32.82,33.15,51438
21/11/1973,33.24,33.3,32.25,32.49,38313
22/11/1973,32.1,32.19,30.81,30.99,49755
23/11/1973,31.35,32.13,31.17,31.56,36810
24/11/1973,31.86,32.64,31.86,32.31,34398
25/11/1973,32.34,33.99,32.34,33.72,45336
26/11/1973,33.3,33.57,33.21,33.48,26391
27/11/1973,32.85,33.6,32.34,33.6,50982
28/11/1973,33.9,34.2,33.69,33.99,28797
29/11/1973,33.39,33.45,32.55,33,37725
30/11/1973,33.18,33.3,32.61,32.73,22491
01/12/1973,32.82,33.06,32.55,32.94,80730
02/12/1973,33,33.72,32.76,33.45,28731
03/12/1973,33.54,33.66,32.25,32.76,20985
04/12/1973,32.64,33.18,32.64,33.15,20577
05/12/1973,33.09,33.45,33.09,33.42,17103
06/12/1973,33.18,33.24,32.28,32.7,22296
07/12/1973,32.4,33.66,32.28,32.88,37347
08/12/1973,32.4,33.33,32.4,33.24,23184
09/12/1973,32.94,33.15,32.4,32.46,22041
10/12/1973,31.95,32.46,31.29,31.56,39213
11/12/1973,31.11,31.2,29.1,29.34,13971
12/12/1973,30.3,30.99,29.91,30.39,55056
13/12/1973,30.45,30.78,30.27,30.3,19386
14/12/1973,30.27,30.36,29.28,29.46,54714
15/12/1973,28.89,29.76,28.89,29.46,51777
16/12/1973,29.85,30.42,29.49,29.82,37200
17/12/1973,29.82,30.6,29.82,30.45,37716
18/12/1973,30.57,30.6,29.67,29.85,36120
19/12/1973,29.76,30.21,29.34,29.97,36618
20/12/1973,30.06,30.15,28.98,29.43,49947
21/12/1973,28.89,29.1,28.59,28.89,35937
22/12/1973,28.08,28.2,27.24,27.39,60708
23/12/1973,27.48,27.81,27.33,27.63,27894
24/12/1973,27.75,28.56,27.75,28.47,51087
25/12/1973,29.4,30,28.74,28.89,61452
26/12/1973,28.65,29.04,28.38,28.98,30750
27/12/1973,29.31,29.97,29.16,29.76,49350
28/12/1973,29.43,29.73,28.86,29.34,37701
29/12/1973,29.28,29.61,29.22,29.49,21405
30/12/1973,29.1,29.16,28.59,28.8,24912
31/12/1973,28.29,28.62,27.6,27.99,39432
01/01/1974,28.08,28.2,27.87,28.17,18174
02/01/1974,27.9,28.62,27.57,28.41,29994
03/01/1974,28.68,28.8,28.23,28.26,22377
04/01/1974,28.2,29.34,28.2,29.19,45504
05/01/1974,29.07,29.43,28.71,29.13,31401
06/01/1974,28.86,28.95,28.41,28.65,19545
07/01/1974,28.71,29.73,28.71,29.7,46986
08/01/1974,29.46,29.52,28.95,28.98,27447
09/01/1974,29.31,29.7,29.31,29.43,26928
10/01/1974,29.16,30.57,29.16,30.51,86799
11/01/1974,30.24,30.66,30.09,30.45,49338
12/01/1974,30.39,30.99,30.27,30.96,57570
13/01/1974,30.63,30.87,30.33,30.6,37194
14/01/1974,30.69,30.75,29.97,30.18,35637
15/01/1974,29.97,30.87,29.94,30.21,43494
16/01/1974,29.94,30,29.25,29.55,45411
17/01/1974,29.25,29.52,29.16,29.31,21870
18/01/1974,28.92,30.09,28.8,29.49,49563
19/01/1974,29.88,30.48,29.88,30,37110
20/01/1974,29.82,30,29.67,29.94,17136
21/01/1974,29.64,29.97,29.46,29.94,24723
22/01/1974,29.94,30.09,29.88,29.91,12027
23/01/1974,29.58,29.7,28.95,29.46,34533
24/01/1974,29.85,29.94,29.25,29.28,27687
25/01/1974,29.43,29.58,29.1,29.13,27963
26/01/1974,29.04,29.76,29.04,29.61,31209
27/01/1974,29.4,29.46,28.59,28.62,54726
28/01/1974,28.74,29.04,28.56,28.8,29724
29/01/1974,28.62,29.22,28.62,29.19,19476
30/01/1974,29.01,29.76,29.01,29.67,36669
31/01/1974,29.64,29.76,29.31,29.52,19350
01/02/1974,29.43,29.46,28.98,29.07,18663
02/02/1974,29.1,29.37,28.95,29.01,31638
03/02/1974,29.01,29.16,28.92,29.1,13575
04/02/1974,29.13,29.34,28.8,29.1,19020
05/02/1974,29.13,29.19,28.89,29.01,13611
06/02/1974,28.8,29.04,28.8,29.01,16860
07/02/1974,28.95,29.07,28.86,29.01,7029
08/02/1974,28.98,29.7,28.95,29.7,20253
09/02/1974,29.67,30.03,29.04,29.1,44073
10/02/1974,28.26,28.92,27.99,28.11,57828
11/02/1974,28.02,28.11,27.06,27.36,76053
12/02/1974,27.51,27.75,27.15,27.33,57129
13/02/1974,27.78,27.99,27.66,27.96,24648
14/02/1974,27.81,27.93,27.24,27.3,33456
15/02/1974,26.79,27.63,26.76,27.45,38175
16/02/1974,26.85,27.3,26.85,26.91,24060
17/02/1974,27.09,27.6,27.09,27.42,21138
18/02/1974,27.09,27.24,26.73,27.09,23697
19/02/1974,27.3,27.51,27.15,27.48,20574
20/02/1974,27.42,27.48,26.85,26.85,30744
21/02/1974,27.15,27.27,26.52,27.09,40065
22/02/1974,27,27.18,26.88,26.97,16875
23/02/1974,26.82,26.91,26.55,26.67,16185
24/02/1974,26.43,26.91,26.43,26.58,26964
25/02/1974,26.64,26.79,26.55,26.73,14460
26/02/1974,26.73,26.88,26.58,26.79,23157
27/02/1974,26.85,26.91,26.64,26.76,15036
28/02/1974,26.73,26.82,26.25,26.28,22308
01/03/1974,26.01,26.25,26.01,26.07,27612
02/03/1974,26.07,26.16,25.95,26.07,18729
03/03/1974,25.95,26.4,25.95,26.37,24987
04/03/1974,26.37,27,26.37,27,44046
05/03/1974,27.03,27.18,26.76,27.15,34524
06/03/1974,26.94,27.03,26.61,26.64,29571
07/03/1974,26.43,26.55,25.5,25.5,69660
08/03/1974,25.59,25.95,25.41,25.83,28920
09/03/1974,25.71,26.07,25.56,25.62,86946
10/03/1974,25.56,25.65,24.18,24.6,42747
11/03/1974,24.81,24.96,24.63,24.87,19122
12/03/1974,24.54,24.87,24.48,24.84,22125
13/03/1974,24.57,25.77,24.36,25.5,56847
14/03/1974,25.29,25.56,25.05,25.23,19647
15/03/1974,25.38,26.34,25.38,26.16,45126
16/03/1974,26.28,26.4,25.65,25.89,38871
17/03/1974,25.83,26.13,25.26,25.5,30798
18/03/1974,25.44,25.5,24.39,24.66,30651
19/03/1974,24.78,25.59,24.6,25.56,38682
20/03/1974,25.68,27.75,25.59,27.42,40032
21/03/1974,27.75,29.91,27.42,29.04,34413
22/03/1974,28.5,28.53,26.4,26.85,23463
23/03/1974,26.64,27.57,26.55,27.54,70014
24/03/1974,27.57,28.02,26.94,27.87,68049
25/03/1974,27.66,28.26,27.45,28.17,65532
26/03/1974,27.87,28.05,27.51,27.99,28779
27/03/1974,27.63,28.56,27.6,28.38,41061
28/03/1974,28.05,28.41,27.84,27.9,27762
29/03/1974,27.45,27.99,27.15,27.63,29931
30/03/1974,27.27,27.57,27.15,27.33,15123
31/03/1974,26.97,27.27,26.88,26.88,26085
01/04/1974,26.82,27.81,26.82,27.57,44193
02/04/1974,27.63,27.96,27.18,27.21,32967
03/04/1974,27.24,27.69,26.79,27.6,35760
04/04/1974,27.42,27.69,27.33,27.33,14580
05/04/1974,27.12,27.3,26.55,26.58,40293
06/04/1974,26.49,27.06,26.46,26.76,31554
07/04/1974,26.82,27.51,26.7,27.21,35919
08/04/1974,27.09,27.45,27.09,27.45,20541
09/04/1974,27.6,27.75,27.45,27.57,25149
10/04/1974,27.51,27.66,26.97,27.09,28122
11/04/1974,26.94,27.24,26.67,26.7,26232
12/04/1974,26.7,27.06,26.7,27.03,8259
13/04/1974,27,27.45,27,27.03,19161
14/04/1974,26.85,27.18,26.61,27.06,31020
15/04/1974,27,27.48,26.97,27.15,27726
16/04/1974,27.18,27.42,26.85,26.94,27237
17/04/1974,26.73,27.9,26.73,27.84,46437
18/04/1974,27.54,27.87,27.54,27.81,30540
19/04/1974,27.6,27.66,27,27.33,27132
20/04/1974,27.09,27.27,26.76,26.79,30714
21/04/1974,26.82,26.94,25.86,26.13,43413
22/04/1974,26.01,26.25,25.92,25.98,15297
23/04/1974,26.07,26.1,25.8,25.92,10629
24/04/1974,25.86,26.01,25.53,25.53,11610
25/04/1974,25.11,25.17,23.82,24.18,25998
26/04/1974,24.06,24.27,23.64,23.7,11634
27/04/1974,23.7,24.48,23.7,24.18,17346
28/04/1974,24.06,24.15,23.64,23.64,12507
29/04/1974,23.7,24.75,23.64,24.72,25944
30/04/1974,24.72,25.08,24.6,24.93,23661
01/05/1974,24.93,25.26,24.75,24.87,13347
02/05/1974,24.84,24.87,23.61,23.76,23163
03/05/1974,22.8,23.13,21.54,22.26,11052
04/05/1974,23.1,24.69,23.04,24.15,64776
05/05/1974,23.94,24.27,23.82,23.88,19785
06/05/1974,23.22,23.55,23.22,23.4,17427
07/05/1974,23.34,23.4,22.65,23.16,31095
08/05/1974,23.4,23.52,22.92,23.01,19458
09/05/1974,23.07,23.37,22.92,22.92,19398
10/05/1974,22.8,23.82,22.77,23.46,43095
11/05/1974,23.34,23.43,22.77,22.89,31953
12/05/1974,22.95,23.67,22.77,23.61,28227
13/05/1974,23.19,23.37,23.07,23.25,12009
14/05/1974,23.28,23.79,23.28,23.67,21840
15/05/1974,23.58,23.79,23.52,23.67,13737
16/05/1974,23.46,23.61,23.28,23.55,8277
17/05/1974,23.46,24.24,23.46,24.21,36225
18/05/1974,24.03,24.3,23.7,23.97,23889
19/05/1974,23.76,24.24,23.55,23.79,26916
20/05/1974,23.76,24.18,23.73,23.97,14778
21/05/1974,24.18,24.39,24.09,24.3,25998
22/05/1974,24.39,24.66,24.15,24.15,26511
23/05/1974,24.18,24.39,23.91,24.03,23160
24/05/1974,24.03,24.24,23.76,24.09,17718
25/05/1974,24.12,24.24,23.85,24.15,18231
26/05/1974,24,25.56,24,25.41,67305
27/05/1974,25.5,26.34,25.2,26.13,100518
28/05/1974,25.65,26.13,25.59,25.74,26898
29/05/1974,26.4,26.55,25.59,25.71,31503
30/05/1974,26.1,26.34,25.89,26.19,19713
31/05/1974,26.04,26.76,25.74,26.64,26331
01/06/1974,26.55,26.76,26.25,26.37,17928
02/06/1974,26.34,26.7,26.34,26.64,12921
03/06/1974,26.76,28.2,26.64,28.17,42084
04/06/1974,28.32,28.89,27.69,27.72,37437
05/06/1974,27.9,28.86,27.9,28.74,24972
06/06/1974,29.1,30.06,28.95,29.7,28500
07/06/1974,29.91,30.24,29.4,29.91,18456
08/06/1974,29.82,30,29.31,29.7,23133
09/06/1974,29.85,29.94,29.22,29.64,22581
10/06/1974,29.55,29.79,29.04,29.1,26505
11/06/1974,29.4,30.15,29.1,29.88,25245
12/06/1974,30.3,31.56,30.3,31.2,33150
13/06/1974,31.65,32.16,30.9,31.95,20172
14/06/1974,33,34.2,30,32.1,20559
15/06/1974,25.5,25.77,25.23,25.38,16722
16/06/1974,25.35,25.59,25.08,25.32,16962
17/06/1974,25.38,26.13,25.38,25.83,29952
18/06/1974,26.4,28.65,26.4,28.53,84882
19/06/1974,28.71,28.74,28.2,28.47,41445
20/06/1974,27.66,27.75,27.03,27.42,50361
21/06/1974,27.48,27.6,27.21,27.57,13062
22/06/1974,27.45,27.72,27.21,27.72,17862
23/06/1974,27.48,27.87,27.15,27.15,26370
24/06/1974,26.94,27.03,25.95,26.43,54123
25/06/1974,26.7,26.85,26.34,26.73,15948
26/06/1974,27.6,28.62,27.57,28.38,58581
27/06/1974,27.84,27.99,27.48,27.54,25929
28/06/1974,27.33,28.35,27.33,27.9,34557
29/06/1974,27.66,27.96,27.45,27.6,24822
30/06/1974,27.78,28.08,27.21,27.21,28233
01/07/1974,27.3,27.48,27.18,27.27,10437
02/07/1974,27.51,28.05,27.51,27.99,19107
03/07/1974,27.75,27.96,27.6,27.84,14424
04/07/1974,27.84,28.26,27.6,28.17,24426
05/07/1974,28.2,29.19,28.14,29.04,53955
06/07/1974,28.74,29.31,28.74,29.28,30798
07/07/1974,29.37,29.61,28.02,28.77,45216
08/07/1974,28.53,28.86,28.47,28.68,16389
09/07/1974,28.68,28.8,27.9,28.35,24453
10/07/1974,27.96,28.14,27.54,27.96,28869
11/07/1974,27.72,27.84,27.36,27.45,27336
12/07/1974,27.69,27.81,25.95,26.04,50073
13/07/1974,26.07,26.25,24.3,24.84,86397
14/07/1974,24.87,25.41,24.69,25.08,29826
15/07/1974,25.2,25.65,25.2,25.62,26301
16/07/1974,25.53,25.62,25.14,25.44,15102
17/07/1974,25.35,25.44,24.93,24.96,14925
18/07/1974,23.7,24.39,23.7,23.91,35265
19/07/1974,24.06,24.18,23.79,23.94,24141
20/07/1974,25.11,26.04,25.05,26.01,35928
21/07/1974,25.65,26.25,25.59,26.07,23994
22/07/1974,25.95,26.25,25.83,25.86,13806
23/07/1974,25.71,26.55,25.62,26.49,15981
24/07/1974,26.49,26.79,26.34,26.64,24123
25/07/1974,26.7,27,26.31,26.73,27564
26/07/1974,26.49,26.61,25.74,26.19,28209
27/07/1974,25.95,26.55,25.95,26.49,16716
28/07/1974,26.34,26.52,26.13,26.19,17739
29/07/1974,26.04,26.28,25.83,26.25,16194
30/07/1974,26.19,27.75,25.59,27.69,42216
31/07/1974,27.33,27.93,27.24,27.6,33801
01/08/1974,27.57,27.66,26.91,27.09,23616
02/08/1974,27.06,27.48,26.58,26.7,32736
03/08/1974,26.64,27.21,26.49,27.12,23490
04/08/1974,26.79,27.09,26.55,27,19461
05/08/1974,26.85,27.06,26.61,26.73,22143
06/08/1974,26.43,26.7,25.65,26.1,26187
07/08/1974,25.92,26.97,25.92,26.94,22098
08/08/1974,26.82,27.24,26.67,27.18,10650
09/08/1974,27.09,27.24,26.82,26.97,18270
10/08/1974,26.88,27.03,26.4,26.79,10737
11/08/1974,26.85,27.21,26.67,27.03,9099
12/08/1974,26.88,28.5,26.79,28.47,23865
13/08/1974,28.35,28.77,28.23,28.41,11244
14/08/1974,28.35,28.92,28.2,28.83,19716
15/08/1974,28.92,29.13,28.5,28.77,16602
16/08/1974,28.5,29.13,28.5,28.86,9225
17/08/1974,26.94,27.06,26.25,26.67,46377
18/08/1974,26.55,26.88,26.37,26.55,21705
19/08/1974,26.49,26.61,25.59,25.65,73116
20/08/1974,25.8,26.1,25.71,25.98,23124
21/08/1974,25.95,26.28,25.95,26.25,12018
22/08/1974,26.31,26.37,25.83,26.25,19425
23/08/1974,26.07,26.19,25.77,26.1,17049
24/08/1974,25.98,26.13,25.86,25.98,10866
25/08/1974,25.56,25.65,25.2,25.44,36381
26/08/1974,25.5,25.83,25.47,25.71,18087
27/08/1974,25.71,26.1,25.68,25.98,16698
28/08/1974,26.1,26.61,26.1,26.46,33852
29/08/1974,26.37,26.67,26.37,26.4,15630
30/08/1974,26.28,26.76,25.89,25.95,31512
31/08/1974,25.95,26.22,25.89,26.01,7905
01/09/1974,25.98,26.94,25.98,26.85,36312
02/09/1974,26.79,27.27,26.28,26.37,40464
03/09/1974,26.28,26.79,25.95,26.4,43740
04/09/1974,26.28,26.55,26.04,26.07,13671
05/09/1974,26.22,26.61,26.01,26.55,11067
06/09/1974,26.58,26.82,26.46,26.79,14055
07/09/1974,26.91,27.06,26.73,27,22677
08/09/1974,26.85,26.97,26.46,26.94,22203
09/09/1974,26.85,27,26.7,26.85,16518
10/09/1974,26.82,27,26.7,26.85,14580
11/09/1974,26.82,26.88,26.55,26.58,15048
12/09/1974,26.37,26.46,25.65,25.71,56133
13/09/1974,25.86,26.04,25.71,25.86,19869
14/09/1974,25.8,26.16,25.56,25.95,26211
15/09/1974,25.77,25.92,25.62,25.83,13329
16/09/1974,25.83,25.92,25.62,25.65,14157
17/09/1974,25.5,25.53,24.66,24.81,77382
18/09/1974,24.96,25.05,24.69,24.72,23694
19/09/1974,24.54,24.99,24.36,24.96,52122
20/09/1974,24.9,24.96,24.57,24.84,15303
21/09/1974,24.75,24.87,24.6,24.69,15384
22/09/1974,24.57,25.05,24.57,25.02,32487
23/09/1974,25.11,25.47,25.11,25.32,28899
24/09/1974,25.26,25.92,25.23,25.89,30825
25/09/1974,25.89,27.09,25.89,26.82,97143
26/09/1974,26.58,26.79,26.28,26.76,32511
27/09/1974,26.46,26.82,26.43,26.76,25638
28/09/1974,26.52,26.82,26.4,26.79,21390
29/09/1974,26.88,27.81,26.82,27.21,85014
30/09/1974,27.15,27.6,27.15,27.33,33450
01/10/1974,27.18,27.51,27.12,27.18,24630
02/10/1974,27.03,27.12,26.4,26.49,43776
03/10/1974,26.25,27.3,26.25,27.27,41982
04/10/1974,27.09,27.15,26.67,26.76,23724
05/10/1974,26.52,26.76,26.07,26.1,33960
06/10/1974,26.04,26.22,25.65,25.8,50004
07/10/1974,25.95,26.01,25.77,25.83,21990
08/10/1974,25.89,26.46,25.89,26.43,20148
09/10/1974,26.37,26.43,26.04,26.22,16599
10/10/1974,26.22,26.52,26.01,26.07,16581
11/10/1974,26.01,26.34,25.92,26.31,14919
12/10/1974,26.16,26.7,26.16,26.64,15564
13/10/1974,26.76,26.97,26.52,26.73,18603
14/10/1974,26.73,26.76,26.61,26.64,4056
15/10/1974,26.52,26.64,26.4,26.43,4812
16/10/1974,26.28,27.03,26.13,27,25023
17/10/1974,27,27.09,26.79,26.88,9945
18/10/1974,26.85,27.03,26.82,27,7452
19/10/1974,27,27.21,25.71,25.77,52557
20/10/1974,25.74,25.8,25.2,25.2,54177
21/10/1974,25.29,25.8,25.29,25.47,26958
22/10/1974,25.26,25.35,25.05,25.08,28014
23/10/1974,25.08,25.59,25.05,25.29,31671
24/10/1974,25.2,25.56,25.05,25.38,33375
25/10/1974,25.44,25.74,24.99,25.68,35667
26/10/1974,25.47,25.62,25.26,25.32,17001
27/10/1974,25.29,25.44,24.84,24.9,35034
28/10/1974,24.81,24.93,24.75,24.75,22275
29/10/1974,24.99,25.2,24.72,24.93,26544
30/10/1974,24.84,25.95,24.84,25.77,44601
31/10/1974,25.5,25.62,25.14,25.2,17934
01/11/1974,25.14,25.47,25.02,25.23,19035
02/11/1974,25.29,25.86,25.17,25.86,30195
03/11/1974,25.74,26.25,25.53,25.89,42873
04/11/1974,25.95,26.16,25.68,25.89,24882
05/11/1974,25.68,25.89,25.59,25.68,10995
06/11/1974,25.35,25.5,24.93,25.05,37719
07/11/1974,24.99,25.17,24.78,25.02,32325
08/11/1974,25.17,25.32,24.96,24.99,19257
09/11/1974,24.66,24.72,23.88,24.54,68166
10/11/1974,24.36,24.42,23.97,24,25845
11/11/1974,24.3,24.42,23.94,24.15,27654
12/11/1974,24.45,24.69,24.24,24.48,19437
13/11/1974,24.63,24.72,24.45,24.51,16134
14/11/1974,24.51,24.69,24.36,24.54,11121
15/11/1974,24.6,24.66,24.27,24.33,15726
16/11/1974,24.24,24.36,23.55,23.64,33258
17/11/1974,23.7,23.88,23.52,23.82,28347
18/11/1974,23.88,24.15,23.88,24.06,26532
19/11/1974,23.97,24.15,23.94,24.06,19665
20/11/1974,23.94,25.8,23.94,25.74,88356
21/11/1974,25.44,25.5,25.05,25.38,31371
22/11/1974,25.23,25.47,25.14,25.38,21453
23/11/1974,25.35,25.5,24.15,24.45,31938
24/11/1974,24.3,24.48,24.18,24.36,23649
25/11/1974,24.45,24.54,24,24.48,32460
26/11/1974,24.54,24.57,23.58,23.61,27186
27/11/1974,23.43,23.7,22.98,23.4,24234
28/11/1974,23.16,24.06,23.16,23.58,9384
29/11/1974,24.12,24.42,23.97,24.12,14142
30/11/1974,24.21,24.87,24.21,24.81,37599
01/12/1974,24.66,24.84,24.63,24.69,14808
02/12/1974,24.36,24.54,24.15,24.36,17514
03/12/1974,24.36,24.63,24.33,24.36,9315
04/12/1974,24.39,24.84,24.39,24.72,16434
05/12/1974,24.87,25.26,24.84,25.17,42255
06/12/1974,25.23,25.35,24.9,25.11,26160
07/12/1974,25.02,25.14,24.9,25.08,12684
08/12/1974,24.93,25.17,24.75,24.93,21615
09/12/1974,24.81,25.32,24.81,25.29,26181
10/12/1974,25.17,25.35,24.66,24.99,31458
11/12/1974,24.99,25.35,24.93,25.23,29169
12/12/1974,25.17,25.32,25.02,25.29,16641
13/12/1974,25.32,25.35,25.2,25.32,13974
14/12/1974,25.17,25.26,24.72,24.87,34173
15/12/1974,24.84,25.02,24.66,24.99,15027
16/12/1974,24.99,25.02,24.9,24.96,12060
17/12/1974,24.9,25.05,24.66,24.75,25092
18/12/1974,24.69,25.2,24.69,25.14,17076
19/12/1974,25.17,25.77,25.17,25.59,57714
20/12/1974,25.65,26.07,25.53,26.04,48921
21/12/1974,26.04,26.31,25.8,26.31,51960
22/12/1974,26.31,27.45,26.31,27.39,82140
23/12/1974,27.24,27.6,26.94,27.54,50025
24/12/1974,27.54,27.6,26.97,27,40137
25/12/1974,27.12,29.49,27.12,29.4,79458
26/12/1974,29.4,29.7,28.29,29.46,60300
27/12/1974,28.8,29.25,28.41,29.19,49197
28/12/1974,28.77,28.95,28.5,28.68,26424
29/12/1974,28.2,29.7,28.2,29.01,37875
30/12/1974,28.65,29.1,28.2,28.29,29190
31/12/1974,27.99,28.92,27.96,28.41,21756
01/01/1975,28.41,28.98,28.38,28.77,22002
02/01/1975,28.89,29.01,28.44,28.44,12003
03/01/1975,28.5,28.77,28.32,28.62,18705
04/01/1975,28.56,29.25,28.26,29.16,29034
05/01/1975,29.25,31.02,29.25,30.84,22494
06/01/1975,30.75,31.02,29.88,29.97,42447
07/01/1975,30.06,30.21,29.22,29.49,38079
08/01/1975,29.28,29.46,28.89,29.25,42201
09/01/1975,29.34,29.79,29.25,29.73,21234
10/01/1975,29.91,30.3,28.23,28.35,11553
11/01/1975,28.26,28.62,27.45,28.35,48420
12/01/1975,28.44,28.65,28.05,28.47,10845
13/01/1975,28.29,28.89,28.29,28.8,13944
14/01/1975,28.83,28.92,28.38,28.62,16827
15/01/1975,28.44,29.13,28.14,29.1,23535
16/01/1975,29.1,29.52,28.38,29.01,30396
17/01/1975,28.68,29.07,28.5,29.04,11100
18/01/1975,28.89,29.16,28.83,29.01,9045
19/01/1975,28.89,29.13,28.68,29.1,12738
20/01/1975,29.16,29.25,28.83,28.83,12438
21/01/1975,28.86,29.07,28.8,28.95,9882
22/01/1975,29.07,29.22,27.78,28.05,65505
23/01/1975,28.08,28.47,27.96,28.17,27600
24/01/1975,28.26,28.38,28.08,28.26,11079
25/01/1975,28.05,28.14,27.75,28.05,22722
26/01/1975,28.02,28.41,28.02,28.41,13530
27/01/1975,28.59,28.74,28.47,28.62,14220
28/01/1975,28.65,30.03,28.65,29.7,76611
29/01/1975,29.76,29.82,29.49,29.55,21384
30/01/1975,29.49,30.12,29.49,30.09,30237
31/01/1975,30.03,30.12,28.92,29.19,48258
01/02/1975,29.37,29.91,29.22,29.67,21225
02/02/1975,29.82,30.36,29.73,30.09,26241
03/02/1975,30.15,31.08,29.88,31.02,51474
04/02/1975,30.78,31.32,30.63,30.69,21147
05/02/1975,30.45,30.9,30.3,30.45,16773
06/02/1975,30.3,30.36,29.91,30.03,30297
07/02/1975,29.82,30.81,29.76,30.69,29076
08/02/1975,30.66,30.78,30.3,30.3,22803
09/02/1975,30.36,30.87,30.12,30.81,22518
10/02/1975,30.84,31.8,30.84,31.53,38109
11/02/1975,31.71,32.04,31.5,31.59,26568
12/02/1975,31.8,33.42,31.8,33.15,45735
13/02/1975,32.94,33.12,32.1,32.43,39300
14/02/1975,32.13,32.37,31.65,32.28,17337
15/02/1975,32.25,32.88,31.83,32.82,23394
16/02/1975,32.67,33.03,32.19,32.88,32949
17/02/1975,32.85,33.15,32.4,32.73,28707
18/02/1975,32.64,33,32.55,32.91,34626
19/02/1975,33,33.24,32.43,32.97,27069
20/02/1975,32.85,33.15,32.58,32.94,24621
21/02/1975,33.24,33.66,30.9,31.65,25251
22/02/1975,29.07,29.16,27.54,27.9,55776
23/02/1975,27.75,28.35,27.75,27.9,27840
24/02/1975,27.93,28.17,27.63,27.99,19713
25/02/1975,28.05,28.53,27.99,28.41,18597
26/02/1975,28.56,28.68,28.35,28.56,17295
27/02/1975,28.44,28.62,27.66,27.9,27768
28/02/1975,28.05,28.26,27.75,28.23,12759
01/03/1975,28.2,28.86,28.2,28.65,22635
02/03/1975,28.5,29.16,28.5,28.86,21015
03/03/1975,28.95,29.04,28.8,28.95,5400
04/03/1975,29.01,30.21,29.01,30.18,55893
05/03/1975,30.33,30.87,30.18,30.84,50565
06/03/1975,30.69,30.75,29.61,29.97,31437
07/03/1975,30.03,30.3,29.76,29.91,23343
08/03/1975,29.73,30.39,29.55,30.06,25851
09/03/1975,29.97,30.3,29.7,29.73,11616
10/03/1975,29.73,29.85,29.46,29.76,14766
11/03/1975,29.76,30.21,29.76,30.09,10200
12/03/1975,30.12,30.33,29.91,30.18,11901
13/03/1975,30.03,30.09,27.99,28.17,85956
14/03/1975,28.23,28.5,28.08,28.44,29430
15/03/1975,28.5,28.71,28.35,28.53,13824
16/03/1975,28.41,28.83,28.41,28.68,10857
17/03/1975,28.74,29.04,28.29,28.32,29151
18/03/1975,28.23,28.83,28.23,28.77,17967
19/03/1975,28.89,28.98,28.65,28.86,14337
20/03/1975,29.01,29.25,28.5,28.8,23595
21/03/1975,28.86,29.01,28.53,28.98,13170
22/03/1975,28.95,29.52,28.65,29.49,40926
23/03/1975,29.28,29.7,29.19,29.58,22449
24/03/1975,29.4,29.55,27.75,28.17,65139
25/03/1975,28.05,28.68,28.05,28.38,24690
26/03/1975,28.14,28.62,28.14,28.59,13029
27/03/1975,28.38,28.59,28.2,28.23,10689
28/03/1975,27.9,28.05,27.24,27.57,51768
29/03/1975,27.57,27.72,27.24,27.27,22305
30/03/1975,27.3,27.45,26.31,26.43,50997
31/03/1975,26.61,27.15,26.4,26.97,29859
01/04/1975,27.15,27.27,26.88,27.15,19848
02/04/1975,27.18,27.27,26.46,26.79,23139
03/04/1975,26.85,27.63,26.61,27.6,30990
04/04/1975,27.45,27.54,27.18,27.45,16212
05/04/1975,27.3,27.81,27.24,27.69,15144
06/04/1975,27.57,27.63,26.61,26.85,21600
07/04/1975,26.85,27,26.67,27,14034
08/04/1975,26.88,27.24,26.25,27,33828
09/04/1975,27,27.42,26.94,27.39,21453
10/04/1975,27.09,27.75,26.85,27.57,32787
11/04/1975,27.69,28.11,27.69,27.93,38061
12/04/1975,27.99,29.1,27.9,28.92,53187
13/04/1975,28.86,29.1,28.74,28.8,43461
14/04/1975,28.56,28.83,28.08,28.44,37422
15/04/1975,28.41,28.56,28.14,28.35,18420
16/04/1975,28.08,28.2,27.45,27.69,24927
17/04/1975,27.33,27.45,26.94,27.27,26049
18/04/1975,27.3,27.45,27.12,27.3,8052
19/04/1975,27.12,27.15,25.92,26.07,40167
20/04/1975,26.1,26.43,25.77,26.04,19752
21/04/1975,25.8,26.25,25.8,26.19,11883
22/04/1975,26.25,26.52,26.07,26.4,20955
23/04/1975,26.4,26.55,25.65,26.25,17505
24/04/1975,25.95,26.25,25.71,26.04,10080
25/04/1975,25.35,25.86,25.32,25.47,22470
26/04/1975,24.6,25.8,24,24.87,8886
27/04/1975,26.28,26.43,26.22,26.4,8736
28/04/1975,26.43,26.64,26.34,26.64,13338
29/04/1975,26.55,26.67,25.83,26.07,31179
30/04/1975,25.98,26.13,25.65,25.68,20463
01/05/1975,25.56,25.95,25.5,25.89,13116
02/05/1975,25.8,26.13,25.74,26.01,11934
03/05/1975,25.95,26.13,25.92,25.98,6828
04/05/1975,25.89,26.1,25.74,26.1,10677
05/05/1975,26.13,26.34,26.04,26.31,14325
06/05/1975,26.34,27.09,26.34,27.06,69675
07/05/1975,27,27.06,26.49,26.94,27498
08/05/1975,26.61,26.85,26.46,26.61,17949
09/05/1975,26.37,26.58,26.28,26.49,12834
10/05/1975,26.34,26.79,26.22,26.73,17412
11/05/1975,26.64,26.82,26.4,26.79,11748
12/05/1975,26.64,26.85,26.55,26.58,9930
13/05/1975,26.34,26.55,25.86,26.13,41220
14/05/1975,25.98,26.1,25.83,25.92,14394
15/05/1975,25.86,26.07,25.86,25.92,15711
16/05/1975,25.95,26.46,25.95,26.43,13320
17/05/1975,26.28,26.52,26.22,26.25,9942
18/05/1975,26.13,26.37,26.1,26.31,5751
19/05/1975,26.31,27,26.31,26.91,43926
20/05/1975,26.82,26.88,26.61,26.82,17034
21/05/1975,26.52,26.67,26.34,26.46,10950
22/05/1975,26.25,26.37,25.89,26.07,38256
23/05/1975,25.98,26.4,25.98,26.37,14886
24/05/1975,26.31,26.55,26.25,26.52,10686
25/05/1975,26.4,26.43,26.16,26.22,13041
26/05/1975,26.16,26.25,25.92,26.13,23091
27/05/1975,26.04,26.22,26.04,26.19,7869
28/05/1975,26.16,26.37,26.13,26.19,10200
29/05/1975,26.19,26.37,25.92,25.92,14484
30/05/1975,25.83,26.22,25.65,26.19,33483
31/05/1975,26.16,26.25,26.01,26.04,10923
01/06/1975,25.95,26.1,25.95,25.98,8199
02/06/1975,25.89,26.01,25.8,25.86,8589
03/06/1975,25.74,25.8,24.93,25.02,88479
04/06/1975,25.05,25.26,24.96,25.23,26784
05/06/1975,25.32,25.41,25.23,25.29,15453
06/06/1975,25.29,25.32,25.11,25.23,14874
07/06/1975,25.2,25.47,25.17,25.44,11439
08/06/1975,25.47,25.59,25.38,25.56,15843
09/06/1975,25.35,25.62,25.35,25.62,13014
10/06/1975,25.53,25.65,24.96,25.11,23451
11/06/1975,25.11,25.23,24.81,24.87,19503
12/06/1975,24.75,24.81,24.63,24.75,15759
13/06/1975,24.81,24.87,24.66,24.78,10533
14/06/1975,24.81,24.96,24.69,24.78,13344
15/06/1975,24.84,24.93,24.75,24.9,7440
16/06/1975,24.84,24.87,24.75,24.81,3345
17/06/1975,24.72,24.81,24.45,24.54,19881
18/06/1975,24.54,24.72,24.48,24.57,11355
19/06/1975,24.6,25.14,24.6,24.96,39588
20/06/1975,24.9,24.96,24.84,24.9,9324
21/06/1975,24.84,24.9,24.36,24.36,25899
22/06/1975,24.39,24.57,24.39,24.57,7473
23/06/1975,24.6,24.66,24.54,24.57,6438
24/06/1975,24.57,24.63,24.54,24.63,2337
25/06/1975,24.6,24.78,24.6,24.63,5517
26/06/1975,24.69,25.29,24.69,25.14,46896
27/06/1975,25.14,25.23,25.02,25.17,15150
28/06/1975,25.14,25.23,25.11,25.23,6642
29/06/1975,24.99,25.14,24.78,24.87,15405
30/06/1975,24.72,24.75,24.24,24.27,50190
01/07/1975,24.21,24.69,24.21,24.51,23193
02/07/1975,24.45,24.6,24.33,24.48,11697
03/07/1975,24.51,25.95,24.51,25.8,123318
04/07/1975,25.41,26.07,25.41,25.92,75018
05/07/1975,25.59,25.8,25.53,25.56,21879
06/07/1975,25.41,25.77,25.35,25.38,25215
07/07/1975,25.38,25.8,25.35,25.77,23751
08/07/1975,25.65,25.74,25.35,25.71,26082
09/07/1975,25.56,25.62,25.2,25.23,21342
10/07/1975,25.14,25.74,25.14,25.35,29040
11/07/1975,25.44,25.68,25.41,25.62,24222
12/07/1975,25.5,25.59,25.41,25.5,11019
13/07/1975,25.38,25.47,25.05,25.35,20499
14/07/1975,25.32,25.44,25.23,25.41,21498
15/07/1975,25.41,25.95,25.41,25.86,40041
16/07/1975,25.92,26.01,25.65,25.83,25044
17/07/1975,25.77,25.8,25.14,25.41,35880
18/07/1975,25.23,25.32,24.84,24.9,44115
19/07/1975,24.84,24.99,24.75,24.75,18075
20/07/1975,24.57,24.66,23.88,24.12,72123
21/07/1975,24.21,24.51,24.21,24.42,16887
22/07/1975,24.63,24.69,24.42,24.66,10458
23/07/1975,24.54,24.6,24.27,24.3,13680
24/07/1975,24.09,24.24,23.91,24.15,19443
25/07/1975,24.21,24.6,24.18,24.45,24279
26/07/1975,24.66,25.77,24.66,25.71,87675
27/07/1975,25.56,25.68,25.38,25.41,19698
28/07/1975,25.29,25.5,25.26,25.44,15906
29/07/1975,25.8,27.06,25.8,26.88,50796
30/07/1975,26.64,28.11,26.64,27.99,36081
31/07/1975,27.81,28.5,26.97,27.15,29145
01/08/1975,26.64,27.3,26.64,27,10437
02/08/1975,27.15,28.26,27.15,28.02,22068
03/08/1975,28.65,28.95,28.05,28.14,12585
04/08/1975,28.32,28.8,28.2,28.62,7476
05/08/1975,28.89,29.04,27.96,28.65,19569
06/08/1975,28.8,30,28.29,28.89,9846
07/08/1975,28.65,28.98,28.65,28.98,1218
08/08/1975,30.78,31.11,30.24,30.36,29091
09/08/1975,30.06,30.66,29.73,30.54,24378
10/08/1975,30.54,30.75,30.27,30.6,16977
11/08/1975,30.15,30.36,29.88,30.27,24522
12/08/1975,30,30.27,29.88,30.03,19482
13/08/1975,29.7,30.27,29.61,29.64,30528
14/08/1975,29.58,30.57,29.37,30.45,39078
15/08/1975,30.75,30.96,30.33,30.63,34005
16/08/1975,30.15,32.01,30.06,31.65,40845
17/08/1975,33.3,35.49,33.3,34.5,47208
18/08/1975,33.66,33.9,32.82,33,38451
19/08/1975,33.15,33.42,32.79,33.33,29919
20/08/1975,33.6,34.41,33.6,34.35,34443
21/08/1975,34.74,36.9,34.74,36.54,50919
22/08/1975,37.2,37.59,35.55,36.66,30552
23/08/1975,35.34,36.15,35.19,35.34,23694
24/08/1975,34.86,35.4,34.44,35.04,24765
25/08/1975,34.8,35.7,34.14,35.16,33303
26/08/1975,35.31,35.88,35.16,35.55,24345
27/08/1975,35.19,36.24,35.19,36.09,21732
28/08/1975,36.3,36.93,36.15,36.36,28881
29/08/1975,35.46,36.27,35.46,35.67,39186
30/08/1975,35.49,36.9,35.49,36.09,38349
31/08/1975,36.27,36.75,35.4,36.72,27789
01/09/1975,37.29,37.56,36.12,36.18,18621
02/09/1975,35.7,35.85,34.35,34.41,39012
03/09/1975,33.84,34.14,32.43,32.67,54228
04/09/1975,32.64,33.27,32.16,33.09,26907
05/09/1975,32.4,32.94,32.07,32.19,13557
06/09/1975,32.13,32.73,32.13,32.55,19758
07/09/1975,32.4,32.58,31.2,31.2,28269
08/09/1975,31.05,31.8,30.9,31.23,13839
09/09/1975,31.44,32.19,31.44,32.1,6876
10/09/1975,32.22,33.12,31.98,32.67,17961
11/09/1975,33.15,33.69,32.85,32.85,24747
12/09/1975,33.3,33.72,33.09,33.54,35076
13/09/1975,33.81,35.55,33.81,35.28,16455
14/09/1975,36,36.45,35.61,36,10422
15/09/1975,35.73,37.44,35.64,37.35,18723
16/09/1975,37.65,37.98,35.7,37.95,17610
17/09/1975,37.5,37.8,36.75,37.2,7890
18/09/1975,36.3,37.5,36.06,37.5,9981
19/09/1975,37.95,38.25,36.15,36.99,5082
20/09/1975,38.19,38.34,36.69,36.9,29124
21/09/1975,36.96,37.14,36.12,36.42,42837
22/09/1975,36.09,37.05,35.79,36.78,24573
23/09/1975,36.96,37.2,36.54,36.87,21648
24/09/1975,36.3,37.05,36.3,36.84,13929
25/09/1975,36.84,36.93,36.45,36.51,9693
26/09/1975,36.18,37.74,36.18,37.41,33852
27/09/1975,37.95,38.31,37.41,37.5,23295
28/09/1975,37.35,38.7,37.35,38.64,34371
29/09/1975,39.03,39.6,38.76,39.57,45939
30/09/1975,39.69,39.78,38.46,38.91,39849
01/10/1975,38.28,38.55,36.75,37.05,54765
02/10/1975,36.75,37.08,35.25,35.88,56097
03/10/1975,36.3,36.45,35.46,36.18,28131
04/10/1975,36.45,37.14,36.24,37.08,18321
05/10/1975,37.14,37.26,34.65,34.83,46740
06/10/1975,34.65,35.76,34.56,35.34,34668
07/10/1975,35.19,35.37,33.33,33.36,51735
08/10/1975,33.75,33.87,31.56,31.71,24870
09/10/1975,32.01,32.55,31.8,32.28,24870
10/10/1975,32.61,33.06,31.98,32.25,22248
11/10/1975,31.95,32.73,31.68,32.01,19212
12/10/1975,31.65,31.95,30.87,31.38,28887
13/10/1975,33.45,33.75,32.76,32.88,24999
14/10/1975,32.7,32.88,32.31,32.85,15330
15/10/1975,33.3,33.6,32.94,33.39,12183
16/10/1975,33.6,33.75,32.61,32.73,17226
17/10/1975,32.94,33.42,32.7,33.36,17643
18/10/1975,33.09,33.6,32.85,33.18,15333
19/10/1975,32.94,33.09,32.07,32.7,18426
20/10/1975,32.46,32.64,32.28,32.4,19011
21/10/1975,32.04,32.16,31.17,31.56,18333
22/10/1975,31.77,32.16,31.35,31.47,17637
23/10/1975,31.35,31.5,29.55,30.15,37647
24/10/1975,29.85,30.18,28.86,29.01,20463
25/10/1975,29.01,29.7,29.01,29.43,21987
26/10/1975,29.64,30.12,29.25,29.97,26910
27/10/1975,29.85,30.3,29.76,30.15,14217
28/10/1975,30.12,30.3,29.88,29.94,15558
29/10/1975,29.58,30.54,29.58,30.03,17571
30/10/1975,30.06,30.24,27.75,28.02,20289
31/10/1975,28.56,30.15,28.56,29.85,20289
01/11/1975,31.05,31.29,30.6,31.02,23415
02/11/1975,30.81,32.1,30.81,31.92,38541
03/11/1975,32.25,32.4,31.35,32.25,31428
04/11/1975,31.98,32.07,31.56,31.98,22797
05/11/1975,31.77,31.98,31.62,31.65,12702
06/11/1975,31.29,31.56,30.45,30.75,32406
07/11/1975,30.24,30.33,28.71,29.22,47184
08/11/1975,29.1,29.4,28.86,29.1,17124
09/11/1975,29.46,29.73,29.16,29.58,15969
10/11/1975,29.61,29.67,28.74,28.77,22755
11/11/1975,28.68,29.46,28.59,29.4,24228
12/11/1975,29.25,29.94,29.19,29.94,19329
13/11/1975,29.76,30.18,29.34,29.37,27855
14/11/1975,28.98,29.43,28.92,29.01,17484
15/11/1975,28.74,29.04,28.65,28.83,18897
16/11/1975,28.83,29.19,28.71,28.8,16983
17/11/1975,28.35,28.65,27.21,27.45,50067
18/11/1975,27.63,27.75,27.33,27.39,21408
19/11/1975,27.51,27.81,27.51,27.63,16299
20/11/1975,27.75,28.02,27.69,27.87,12255
21/11/1975,27.96,28.08,27.54,28.08,24732
22/11/1975,28.2,28.68,28.11,28.68,27066
23/11/1975,28.74,30.75,28.65,30.39,43863
24/11/1975,30.06,30.72,29.88,30.15,44994
25/11/1975,29.97,30.51,29.7,30.03,31359
26/11/1975,29.91,30.27,29.73,30.12,16224
27/11/1975,29.85,30.12,28.8,28.89,43080
28/11/1975,28.95,29.64,28.47,29.52,33681
29/11/1975,29.61,29.79,28.95,29.07,19113
30/11/1975,29.25,29.37,27.06,27.54,37401
01/12/1975,27.75,28.14,27.51,28.11,13644
02/12/1975,27.78,27.9,27.36,27.6,14352
03/12/1975,27.9,28.26,27.84,28.17,23826
04/12/1975,27.96,28.17,27.39,28.08,23481
05/12/1975,28.2,28.56,27.87,28.17,19557
06/12/1975,26.7,27.69,26.7,27.36,31719
07/12/1975,27.36,27.99,27.24,27.84,19263
08/12/1975,27.75,28.11,27.69,28.08,13023
09/12/1975,27.84,28.02,27.39,27.51,23508
10/12/1975,27.24,28.17,26.58,27.96,50115
11/12/1975,27.9,28.08,27.36,27.45,16623
12/12/1975,27.39,28.05,27.24,28.02,14949
13/12/1975,27.96,28.05,27.09,27.21,26622
14/12/1975,27.3,27.69,27.24,27.27,15318
15/12/1975,27.42,27.6,27.3,27.33,11886
16/12/1975,27.15,27.9,27.15,27.6,25158
17/12/1975,27.48,27.72,27.15,27.27,19737
18/12/1975,27.42,27.54,27.24,27.33,16470
19/12/1975,27.36,28.41,27.24,28.17,47808
20/12/1975,28.26,28.95,28.23,28.89,34020
21/12/1975,28.59,28.86,27.84,28.2,26985
22/12/1975,28.02,29.49,28.02,29.25,36480
23/12/1975,28.95,29.31,28.92,28.95,19494
24/12/1975,28.74,30.45,28.74,29.94,39417
25/12/1975,29.76,30.36,29.19,29.37,30303
26/12/1975,29.1,29.22,28.71,28.98,22953
27/12/1975,28.41,29.34,28.41,29.19,22491
28/12/1975,29.04,29.43,29.01,29.22,12318
29/12/1975,28.8,29.49,28.65,29.19,19431
30/12/1975,29.1,29.19,28.44,28.47,15579
31/12/1975,28.14,28.86,28.14,28.47,28122
01/01/1976,28.32,28.41,27.84,28.05,16500
02/01/1976,27.99,29.1,27.96,28.47,16500
03/01/1976,31.2,32.58,31.2,32.49,72918
04/01/1976,32.1,32.64,32.1,32.52,33978
05/01/1976,32.46,32.49,32.01,32.13,17175
06/01/1976,32.28,32.64,31.95,32.61,28245
07/01/1976,32.67,32.7,31.47,31.8,41817
08/01/1976,31.95,32.22,31.83,32.19,16551
09/01/1976,32.01,32.1,31.56,31.65,17349
10/01/1976,31.71,32.4,31.53,32.37,32400
