"Index","Open","High","Low","Close","Volume"
1970-01-02,510,510,504.6,505.2,106425
1970-01-03,505.05,509.7,501,501.15,158640
1970-01-04,501.45,502.05,498,499.2,135984
1970-01-05,502.5,504.75,500.85,501.15,160620
1970-01-06,500.85,502.8,499.05,500.55,158610
1970-01-07,501.3,507.3,501.3,505.8,198795
1970-01-08,504.9,516.45,504.6,514.95,214656
1970-01-09,514.95,516.6,510.6,512.55,176829
1970-01-10,511.05,521.85,511.05,520.05,212592
1970-01-11,522,522.9,517.35,519,218637
1970-01-12,520.5,522.75,517.05,519.45,221400
1970-01-13,521.4,521.7,516.45,517.8,179553
1970-01-14,519.45,521.1,517.2,520.2,154257
1970-01-15,520.8,534,520.8,532.95,220410
1970-01-16,536.7,537.45,531.3,531.45,242367
1970-01-17,532.65,539.25,531.3,537.75,220722
1970-01-18,538.35,540.45,534.3,535.65,231813
1970-01-19,536.1,539.4,534.6,536.25,167547
1970-01-20,535.95,539.7,532.35,536.1,215175
1970-01-21,534.75,545.55,533.7,545.25,198504
1970-01-22,545.4,546.3,540.9,541.5,221481
1970-01-23,540.45,543.15,539.4,541.35,174003
1970-01-24,539.25,540.6,538.2,538.65,127617
1970-01-25,537.75,547.2,537.75,544.05,226095
1970-01-26,545.25,548.1,541.2,543,227868
1970-01-27,543.9,546.9,541.8,542.85,192957
1970-01-28,543.9,549.6,543.6,549.3,224403
1970-01-29,548.85,551.4,547.5,549.6,166080
1970-01-30,549.9,550.35,541.5,542.85,205296
1970-01-31,542.1,545.4,541.2,544.65,186690
1970-02-01,544.35,556.65,544.05,552.45,230769
1970-02-02,552.75,554.1,548.25,548.55,208842
1970-02-03,549.3,550.95,543.6,545.55,171555
1970-02-04,545.55,548.25,544.95,546,142395
1970-02-05,544.2,550.05,542.4,543.3,211308
1970-02-06,542.4,544.65,539.7,541.35,190410
1970-02-07,541.8,543.3,537.15,540.45,178689
1970-02-08,538.5,543,536.7,542.7,192753
1970-02-09,541.5,548.7,540.45,546.6,247674
1970-02-10,544.65,547.95,541.5,542.1,218739
1970-02-11,541.65,546,541.35,545.4,226941
1970-02-12,548.1,555.3,547.5,551.25,251121
1970-02-13,552.3,552.3,545.7,546.15,190674
1970-02-14,547.5,551.1,545.55,548.25,215223
1970-02-15,548.55,549.3,542.25,542.55,206370
1970-02-16,541.35,543.9,538.65,538.95,68097
1970-02-17,541.2,542.1,537.75,537.9,45198
1970-02-18,538.5,539.25,535.5,537.6,39030
1970-02-19,537,541.5,536.85,539.55,25890
1970-02-20,538.8,540.45,533.7,534.3,29937
1970-02-21,534,535.95,532.8,532.95,27090
1970-02-22,532.5,535.05,529.59,529.59,28485
1970-02-23,544.8,546.45,540,541.05,170673
1970-02-24,542.1,552.75,540.3,551.4,217740
1970-02-25,551.7,552.3,546.45,549.75,193320
1970-02-26,548.55,553.5,547.8,549.6,218511
1970-02-27,550.2,550.5,545.85,547.2,146553
1970-02-28,546.9,547.2,543.45,544.8,143160
1970-03-01,545.1,549.15,544.2,546.9,170598
1970-03-02,546.6,551.55,545.85,549.3,172035
1970-03-03,550.05,552.6,547.5,548.4,159306
1970-03-04,549.9,550.65,547.95,550.05,126420
1970-03-05,551.1,552.6,549,552.3,126552
1970-03-06,552,554.55,547.8,548.85,174372
1970-03-07,548.85,549.45,542.4,543.75,184110
1970-03-08,543.3,545.1,541.2,544.65,120192
1970-03-09,545.4,546.3,539.1,540,157569
1970-03-10,542.1,543.75,539.7,541.5,172857
1970-03-11,543.3,547.95,542.85,546,170544
1970-03-12,547.35,550.2,545.7,547.2,164607
1970-03-13,547.2,548.4,545.25,548.25,83742
1970-03-14,548.1,549.75,545.7,547.65,120081
1970-03-15,547.2,552.75,543.75,549.45,204765
1970-03-16,549,550.8,547.35,549,156762
1970-03-17,551.4,551.4,545.7,545.85,169086
1970-03-18,545.7,547.5,544.5,546.15,102255
1970-03-19,546.15,547.35,544.05,546.3,125949
1970-03-20,544.95,552,544.8,551.1,209637
1970-03-21,551.4,552.15,548.4,549.9,147027
1970-03-22,549.15,554.1,548.7,552.6,164145
1970-03-23,552.75,553.35,548.85,549,118728
1970-03-24,547.5,548.7,542.25,542.55,166134
1970-03-25,542.7,543.3,539.1,542.55,168906
1970-03-26,543,543,537.15,537.75,173217
1970-03-27,538.05,539.7,537.3,538.8,128307
1970-03-28,539.7,542.7,538.2,542.1,124416
1970-03-29,542.85,544.05,541.2,542.25,110292
1970-03-30,542.7,546.9,542.25,544.8,163515
1970-03-31,543.45,546.3,542.1,545.4,120312
1970-04-01,545.55,549.9,545.55,548.25,141504
1970-04-02,549.9,559.2,549.6,558,214644
1970-04-03,558.3,558.9,556.05,557.85,137451
1970-04-04,560.25,560.4,553.95,555,191967
1970-04-05,555.3,560.4,554.25,556.65,207543
1970-04-06,557.55,561.75,557.1,561.45,177285
1970-04-07,559.8,566.25,559.35,564,190179
1970-04-08,570,573,568.05,571.2,205287
1970-04-09,570.6,572.4,569.4,569.7,179802
1970-04-10,569.1,569.1,565.8,568.05,130575
1970-04-11,567.6,568.8,565.65,566.25,110691
1970-04-12,567.15,568.2,566.55,567.75,59277
1970-04-13,569.4,570.75,562.95,564.45,170616
1970-04-14,563.4,565.8,562.5,565.35,122097
1970-04-15,564.9,566.7,562.2,565.2,157824
1970-04-16,564.75,571.65,564.15,568.95,183099
1970-04-17,572.1,572.7,567.9,570.3,173388
1970-04-18,570.3,572.25,568.95,570.9,171843
1970-04-19,572.4,573.45,569.55,569.85,158181
1970-04-20,569.25,575.1,568.65,574.95,147066
1970-04-21,574.2,575.85,568.5,568.65,166887
1970-04-22,568.2,570.15,566.55,569.55,110166
1970-04-23,569.55,570.15,566.7,567.75,128748
1970-04-24,567.6,568.05,562.95,563.55,141231
1970-04-25,561,562.8,556.5,557.1,63093
1970-04-26,559.5,561.45,557.1,561.15,28506
1970-04-27,560.7,561.6,559.2,560.85,23904
1970-04-28,562.05,564.6,561.45,562.65,21492
1970-04-29,562.8,564.3,559.65,560.25,21483
1970-04-30,559.8,562.05,556.95,561.9,27282
1970-05-01,560.4,568.83,560.1,568.83,50985
1970-05-02,573,576.3,571.35,575.4,136974
1970-05-03,576.15,581.55,574.8,575.7,200466
1970-05-04,576.45,580.2,576.15,579,154602
1970-05-05,580.35,582.75,577.95,581.85,154671
1970-05-06,582.3,583.05,580.2,580.95,115932
1970-05-07,582,585,578.4,583.5,137472
1970-05-08,583.5,585.15,581.4,582.6,146088
1970-05-09,583.5,583.8,580.5,580.8,76878
1970-05-10,582.9,583.95,578.55,580.5,137388
1970-05-11,579.6,581.25,576.9,578.55,148230
1970-05-12,579,582.9,577.5,582.3,155901
1970-05-13,582,584.55,580.8,582.6,148203
1970-05-14,582,585.45,580.95,583.8,134502
1970-05-15,583.2,586.8,581.1,582.15,148482
1970-05-16,582.6,590.7,582.6,590.55,197073
1970-05-17,592.05,594,590.85,592.8,184878
1970-05-18,590.7,592.35,588.3,590.55,150486
1970-05-19,589.5,591.9,588.9,589.35,109719
1970-05-20,588.6,589.05,582.75,586.35,160191
1970-05-21,587.1,589.5,579.9,580.65,198945
1970-05-22,580.95,581.25,574.8,575.7,218352
1970-05-23,576.9,579,575.85,578.4,159204
1970-05-24,578.1,580.35,576.9,578.55,129333
1970-05-25,577.5,577.65,569.1,569.25,184407
1970-05-26,569.55,573.15,568.8,571.35,150675
1970-05-27,572.1,574.95,571.8,574.05,138675
1970-05-28,575.4,579.9,575.1,579.3,155688
1970-05-29,578.4,578.4,575.25,575.55,87747
1970-05-30,575.4,575.4,570.75,574.5,139461
1970-05-31,575.25,575.4,563.4,563.7,203352
1970-06-01,562.95,566.25,562.95,564.6,149859
1970-06-02,565.65,568.35,564.75,567.3,148722
1970-06-03,568.2,568.5,565.35,566.1,113709
1970-06-04,565.8,568.65,563.25,564.75,160779
1970-06-05,564,568.35,560.55,564.75,206508
1970-06-06,566.25,567,563.7,564.6,146154
1970-06-07,564.6,565.95,561,562.65,171654
1970-06-08,562.35,563.1,559.35,560.25,129375
1970-06-09,560.55,563.4,560.1,562.2,108300
1970-06-10,564,568.5,563.4,568.05,155379
1970-06-11,568.5,570.9,567,569.25,140388
1970-06-12,570.15,570.3,562.65,563.7,169485
1970-06-13,563.4,563.7,560.55,562.2,110349
1970-06-14,560.4,564.45,558.9,564.15,132885
1970-06-15,564.9,565.95,563.4,565.05,110238
1970-06-16,564.6,566.1,563.55,565.35,106368
1970-06-17,565.5,566.4,564.45,566.25,84018
1970-06-18,565.65,566.7,562.65,563.7,99363
1970-06-19,564.6,564.6,560.85,563.1,108669
1970-06-20,563.4,563.7,559.8,561.9,148290
1970-06-21,561.6,563.7,559.65,563.25,156441
1970-06-22,563.85,567.3,563.4,565.5,123930
1970-06-23,566.1,568.2,563.7,564.6,140064
1970-06-24,565.05,565.2,558.15,558.9,166398
1970-06-25,558.6,558.6,553.65,553.8,149670
1970-06-26,553.95,556.2,549.6,550.2,54564
1970-06-27,550.2,551.85,544.65,547.05,51762
1970-06-28,547.5,549.3,546.3,549.3,25422
1970-06-29,549.3,549.75,540.9,542.1,29607
1970-06-30,542.7,545.7,541.2,544.65,27282
1970-07-01,543.9,550.5,543.6,549.6,29808
1970-07-02,549.3,552,545.4,546.15,36099
1970-07-03,555.3,559.5,555,557.4,202971
1970-07-04,556.35,556.95,550.05,552.45,176061
1970-07-05,552.3,552.3,544.2,544.5,156348
1970-07-06,544.35,547.95,541.95,547.8,203088
1970-07-07,548.55,550.05,545.25,548.4,147528
1970-07-08,548.1,559.8,547.95,559.5,223344
1970-07-09,559.5,561.15,552.75,552.9,224847
1970-07-10,553.2,557.7,551.7,554.1,212808
1970-07-11,551.7,552.45,547.95,549.75,149394
1970-07-12,548.4,551.4,546.3,549.6,188613
1970-07-13,549,550.95,546.6,548.7,191508
1970-07-14,549.3,553.95,548.85,549.45,183057
1970-07-15,549.6,550.95,547.5,550.35,150555
1970-07-16,550.8,557.25,548.85,557.1,199311
1970-07-17,561.9,563.1,557.4,559.95,201684
1970-07-18,560.4,565.35,558.9,564.45,198651
1970-07-19,563.55,567.15,561.9,562.95,200340
1970-07-20,563.4,564.3,559.5,560.55,155079
1970-07-21,560.25,562.2,558.75,560.4,122454
1970-07-22,560.25,567,560.1,563.85,171945
1970-07-23,563.1,567.9,563.1,567.6,185889
1970-07-24,566.4,568.05,563.85,564.3,137094
1970-07-25,562.95,563.7,560.7,562.2,105501
1970-07-26,561.6,564.45,560.4,564.3,127035
1970-07-27,564.9,571.2,564.45,568.35,180399
1970-07-28,570.9,571.35,567.9,570.15,189528
1970-07-29,569.25,569.7,565.65,567.75,151692
1970-07-30,568.05,574.5,567.3,573.6,184602
1970-07-31,573,575.4,571.5,573.9,167403
1970-08-01,574.5,576.9,573.3,576.15,198999
1970-08-02,576.75,577.95,573.75,576.9,200685
1970-08-03,576,577.95,575.25,577.05,151587
1970-08-04,576.9,583.8,576.45,581.55,180060
1970-08-05,581.4,594,581.1,593.7,211941
1970-08-06,594,599.1,592.65,596.25,298944
1970-08-07,595.35,596.7,591.6,593.7,164913
1970-08-08,593.1,601.05,592.8,599.1,215889
1970-08-09,597.3,601.95,594.75,596.1,203145
1970-08-10,597.3,599.1,594,597.9,177501
1970-08-11,599.1,600.45,593.85,597.45,193305
1970-08-12,598.5,601.35,596.55,598.35,180945
1970-08-13,599.7,606.9,599.7,605.4,220281
1970-08-14,604.35,608.7,603.75,604.05,182526
1970-08-15,603.45,603.9,600.75,602.85,120318
1970-08-16,603.6,605.7,602.25,603.45,132906
1970-08-17,603,611.4,602.85,611.25,162567
1970-08-18,612.9,613.5,605.85,607.2,137028
1970-08-19,607.2,607.65,601.2,602.25,156120
1970-08-20,601.8,604.95,601.2,604.65,128007
1970-08-21,605.4,615.15,604.35,614.55,207885
1970-08-22,615.9,620.7,612.3,613.05,285261
1970-08-23,612,613.65,609.45,613.2,189006
1970-08-24,614.25,617.4,611.55,614.7,238461
1970-08-25,615.9,618.45,613.2,615,229422
1970-08-26,616.5,623.1,615.45,621.3,242292
1970-08-27,618.9,622.5,616.5,622.05,76176
1970-08-28,622.8,632.7,622.65,631.95,55557
1970-08-29,631.5,641.55,630.75,637.05,52005
1970-08-30,640.2,640.5,632.7,633.3,39075
1970-08-31,632.4,636,628.65,630.6,25110
1970-09-01,630.6,632.25,629.1,630.9,23469
1970-09-02,631.05,636.9,630.9,632.7,41094
1970-09-03,640.65,641.25,630.9,631.35,141951
1970-09-04,629.55,631.5,628.05,630.15,66957
1970-09-05,632.25,636.75,632.25,636.6,84297
1970-09-06,637.5,640.65,632.55,640.35,97500
1970-09-07,640.2,642.9,637.05,637.35,99852
1970-09-08,635.1,636.15,630.9,634.65,148599
1970-09-09,635.25,640.35,634.8,638.85,141648
1970-09-10,640.5,641.55,633.9,639.75,156324
1970-09-11,642.9,648.9,642.15,648.15,206517
1970-09-12,648.75,649.8,618.9,624.75,332616
1970-09-13,619.5,624,614.7,620.55,290262
1970-09-14,621.45,624.15,617.4,619.05,185226
1970-09-15,617.1,623.1,616.05,622.2,203202
1970-09-16,623.7,624.3,619.2,621.6,176205
1970-09-17,621.9,628.2,620.55,626.85,200955
1970-09-18,625.2,629.4,622.2,629.25,192741
1970-09-19,629.55,630.3,622.05,624.3,173394
1970-09-20,621.75,625.2,619.2,625.05,150858
1970-09-21,624.15,624.75,613.8,616.65,220746
1970-09-22,614.7,618.75,608.25,608.4,208287
1970-09-23,609.45,614.55,607.8,613.95,183723
1970-09-24,614.25,621.75,612.6,620.4,167475
1970-09-25,621.45,626.1,619.95,623.4,159957
1970-09-26,624,636.6,621.75,636.15,223923
1970-09-27,634.35,641.1,630.75,634.35,262305
1970-09-28,634.2,636.6,627,630.9,190938
1970-09-29,630.15,642,630.15,639.15,220206
1970-09-30,640.5,647.25,636,646.65,224478
1970-10-01,648.15,649.35,634.5,641.1,310896
1970-10-02,640.5,643.8,635.4,642,208692
1970-10-03,642,647.7,639.45,642,242508
1970-10-04,637.8,650.7,633.9,648.45,230973
1970-10-05,648.75,652.8,646.65,652.65,218406
1970-10-06,651.6,653.55,647.85,649.65,216033
1970-10-07,650.1,652.5,645.75,650.55,207360
1970-10-08,651.75,656.1,645.6,655.35,221502
1970-10-09,655.35,662.85,653.55,661.95,219186
1970-10-10,662.1,671.1,660,669.6,245070
1970-10-11,667.8,672.6,661.2,662.7,238002
1970-10-12,661.95,672,660.6,671.55,207366
1970-10-13,675,678.6,672.6,674.85,245028
1970-10-14,673.2,680.1,671.7,677.1,252012
1970-10-15,676.5,677.85,668.4,672.9,242661
1970-10-16,671.4,677.7,670.05,673.95,244230
1970-10-17,676.2,684,673.5,681.9,281367
1970-10-18,684.9,685.95,676.5,678,264105
1970-10-19,678.9,681.15,674.55,676.35,227103
1970-10-20,677.85,685.5,671.85,673.05,275385
1970-10-21,672.15,676.5,666.9,676.35,248727
1970-10-22,678,680.4,673.2,680.1,219315
1970-10-23,678.3,682.95,675.75,677.7,226821
1970-10-24,678.75,684.15,677.55,682.8,192576
1970-10-25,684.9,700.5,684.6,699.9,251997
1970-10-26,699.75,707.25,697.65,698.55,268866
1970-10-27,696,704.7,695.1,702.9,81216
1970-10-28,703.5,709.5,700.2,706.5,70425
1970-10-29,706.2,706.2,700.35,701.4,42789
1970-10-30,699,711,699,709.35,37929
1970-10-31,709.05,711.3,704.25,706.5,23871
1970-11-01,709.2,713.7,706.8,710.1,26850
1970-11-02,710.4,713.4,700.02,700.02,48786
1970-11-03,714.6,715.35,705.3,711.45,216447
1970-11-04,711,715.5,707.7,714.6,205626
1970-11-05,715.5,724.8,714.75,724.5,217515
1970-11-06,726.6,731.4,724.5,724.95,193491
1970-11-07,727.5,729.15,722.7,723,208047
1970-11-08,724.8,726.15,708.6,709.5,293649
1970-11-09,707.7,715.05,705.3,712.35,264606
1970-11-10,712.65,715.05,697.8,698.25,239910
1970-11-11,699.75,701.7,686.1,686.7,266199
1970-11-12,685.5,691.2,680.25,687.9,267063
1970-11-13,691.2,707.55,690.6,706.8,264009
1970-11-14,709.8,713.4,698.85,706.05,301530
1970-11-15,705.75,716.4,703.05,714.15,245877
1970-11-16,714.15,718.05,706.5,709.95,231462
1970-11-17,710.7,719.1,707.55,717.15,183879
1970-11-18,715.05,720,711.15,716.55,234108
1970-11-19,723.6,733.35,721.5,732.6,243087
1970-11-20,731.25,736.35,729.3,734.4,237447
1970-11-21,734.4,735.3,726.75,729.9,186999
1970-11-22,728.1,739.2,727.5,738.75,218061
1970-11-23,737.1,740.1,724.05,728.7,287232
1970-11-24,725.4,730.2,720.75,729.9,249867
1970-11-25,729.3,734.25,726.15,726.6,239412
1970-11-26,728.7,731.7,722.55,730.35,216837
1970-11-27,732,734.7,726.3,734.1,210858
1970-11-28,735.6,736.35,717,721.35,294147
1970-11-29,721.5,722.4,703.8,704.4,269985
1970-11-30,703.5,707.4,700.8,704.85,252486
1970-12-01,704.7,709.2,699.75,704.25,194217
1970-12-02,705,714,705,713.55,178827
1970-12-03,713.25,715.35,707.85,711.75,219222
1970-12-04,709.5,711,701.25,710.85,243117
1970-12-05,711.75,714.75,708.15,711.6,213585
1970-12-06,705.9,716.25,705.75,714.9,188715
1970-12-07,712.5,715.2,709.2,711.75,203952
1970-12-08,710.7,714.3,706.95,709.5,252612
1970-12-09,711,713.1,706.5,711.45,221811
1970-12-10,711.6,712.2,699,700.2,235839
1970-12-11,700.2,700.8,694.2,696.6,201678
1970-12-12,698.25,700.95,695.85,698.4,158136
1970-12-13,699,710.7,697.65,710.55,212592
1970-12-14,710.7,712.8,705.75,709.2,206136
1970-12-15,710.1,725.1,709.8,724.8,266463
1970-12-16,724.5,729,723,727.35,185745
1970-12-17,728.7,739.8,726.9,739.05,201954
1970-12-18,737.7,744.75,737.7,743.55,247896
1970-12-19,741.75,748.05,736.5,746.55,262131
1970-12-20,745.35,751.2,739.65,742.65,265629
1970-12-21,743.4,746.25,729,735.15,266703
1970-12-22,734.7,739.5,730.8,738.3,257148
1970-12-23,738.75,740.25,726.9,733.2,250137
1970-12-24,734.25,738.3,730.05,738,208179
1970-12-25,740.1,740.7,732.3,736.8,206091
1970-12-26,733.2,734.25,715.8,716.7,251406
1970-12-27,715.2,720,712.2,717.9,236457
1970-12-28,717,724.5,715.95,722.1,199566
1970-12-29,719.7,725.4,719.7,724.05,63240
1970-12-30,726.9,740.1,726.6,738.75,61452
1970-12-31,740.7,741.3,736.65,740.1,33660
1971-01-01,739.8,740.7,729.9,732.45,29943
1971-01-02,732.75,736.8,727.05,736.5,31932
1971-01-03,734.25,739.05,731.4,731.55,33108
1971-01-04,732.9,743.1,730.95,742.5,35967
1971-01-05,742.2,744.15,733.8,736.65,199821
1971-01-06,737.4,752.4,735.15,745.65,271497
1971-01-07,747.15,756.3,747,748.8,251868
1971-01-08,746.7,752.1,744.75,750.15,204450
1971-01-09,753,754.05,750,750.3,137496
1971-01-10,752.25,759.9,751.35,756.75,180024
1971-01-11,756.75,762.15,755.4,761.85,202941
1971-01-12,760.35,765.6,759.75,763.5,173424
1971-01-13,753,753.75,730.5,730.65,263634
1971-01-14,725.7,727.5,718.2,724.95,270228
1971-01-15,726.9,730.35,724.8,728.55,195165
1971-01-16,729.3,733.2,718.5,732.45,267339
1971-01-17,732.9,733.35,724.8,726.75,209355
1971-01-18,723.45,724.5,714.45,714.9,238923
1971-01-19,714.9,716.7,701.7,705.15,339786
1971-01-20,706.5,712.5,702.75,705.3,237117
1971-01-21,708.45,713.1,705.45,708.45,201954
1971-01-22,707.25,717.6,701.55,710.55,255135
1971-01-23,708,712.05,705.15,709.05,167754
1971-01-24,706.5,716.7,705.75,715.2,180441
1971-01-25,715.8,718.05,711.75,713.85,187809
1971-01-26,713.7,716.25,710.1,715.2,163404
1971-01-27,716.1,724.2,716.1,722.7,151902
1971-01-28,720.6,720.6,702,704.55,251487
1971-01-29,707.4,708.6,700.8,705.3,240186
1971-01-30,705.15,714.45,697.8,713.1,289623
1971-01-31,712.5,713.1,706.5,707.85,195033
1971-02-01,708.9,711.45,697.95,699.45,144633
1971-02-02,699,712.5,693.9,711.15,248136
1971-02-03,709.8,717.9,709.8,713.25,238521
1971-02-04,711.45,715.05,708.15,711.9,201348
1971-02-05,711,717.6,709.8,712.35,205917
1971-02-06,715.2,717,708.9,711.9,158022
1971-02-07,715.5,725.7,715.2,723.9,220938
1971-02-08,724.5,732.75,721.5,732.6,231120
1971-02-09,732.6,742.2,730.05,739.35,268746
1971-02-10,739.2,744.3,737.7,742.65,215466
1971-02-11,742.8,744.75,739.35,744.15,148314
1971-02-12,741.9,746.25,736.5,744.75,201126
1971-02-13,745.8,745.8,738.3,742.2,196212
1971-02-14,740.7,752.55,739.8,752.25,227460
1971-02-15,752.25,753.6,748.5,751.8,210492
1971-02-16,750.3,754.2,748.95,751.8,146817
1971-02-17,750.3,750.9,744,748.8,173229
1971-02-18,748.8,762,748.2,761.25,256986
1971-02-19,761.25,765.9,759.15,761.55,211056
1971-02-20,762,764.25,757.5,760.95,181227
1971-02-21,762,764.7,755.7,757.95,128295
1971-02-22,757.8,761.55,742.5,743.85,226980
1971-02-23,742.5,752.7,741.3,752.4,250530
1971-02-24,753.15,765,751.35,763.35,258735
1971-02-25,762,764.55,749.25,750.15,244764
1971-02-26,748.5,751.95,742.2,747.45,249327
1971-02-27,751.5,753.6,741,745.05,243813
1971-02-28,745.5,746.25,739.35,742.5,242307
1971-03-01,735,735,699.45,701.7,131226
1971-03-02,705,705,675,687.15,99261
1971-03-03,692.4,696,683.7,691.5,54606
1971-03-04,682.5,693.75,679.5,691.2,45165
1971-03-05,692.7,699.15,689.4,690.15,42378
1971-03-06,687.6,701.4,685.8,693.15,23898
1971-03-07,687,697.5,686.1,696.63,31824
1971-03-08,692.7,704.85,692.4,703.8,200040
1971-03-09,703.8,710.4,702.15,709.8,211932
1971-03-10,707.7,712.35,705.3,707.7,206118
1971-03-11,705,707.4,687,694.05,250389
1971-03-12,691.2,703.5,689.25,695.85,199038
1971-03-13,687,690.6,678.3,688.65,237315
1971-03-14,691.2,700.95,689.55,691.8,244491
1971-03-15,695.7,706.95,694.35,700.8,247677
1971-03-16,698.4,705.3,696,704.25,186711
1971-03-17,706.5,711.45,689.4,697.2,227181
1971-03-18,698.4,708.6,694.35,702.3,181368
1971-03-19,700.5,704.7,695.25,703.65,202614
1971-03-20,696.3,711.75,696.3,710.1,223173
1971-03-21,710.1,714.6,703.5,705.3,228603
1971-03-22,703.05,708.3,701.4,705.3,121923
1971-03-23,704.4,710.7,703.35,710.4,65883
1971-03-24,711.6,712.2,700.2,704.25,169848
1971-03-25,704.7,719.4,703.35,719.1,235818
1971-03-26,720,723.45,715.05,719.25,229137
1971-03-27,717.75,718.05,711.75,713.85,175740
1971-03-28,709.2,709.5,700.5,706.5,167616
1971-03-29,708.9,709.35,702.6,705.75,168696
1971-03-30,707.4,710.1,704.85,705.45,153360
1971-03-31,707.55,721.8,706.95,718.8,215862
1971-04-01,718.2,720.3,712.5,713.25,141666
1971-04-02,713.25,718.2,707.1,717.6,183123
1971-04-03,717.3,722.1,715.2,716.4,193092
1971-04-04,715.5,723.9,714.6,722.1,194760
1971-04-05,729,734.4,728.7,731.4,221202
1971-04-06,730.5,734.4,728.25,734.1,167775
1971-04-07,736.2,738,733.5,737.85,188715
1971-04-08,735,741.6,732.9,738.9,181257
1971-04-09,737.1,742.95,736.05,741.6,209571
1971-04-10,739.2,742.65,731.7,738.6,233949
1971-04-11,737.1,741,734.85,737.7,173175
1971-04-12,737.1,740.55,733.5,739.65,187797
1971-04-13,740.55,743.25,739.05,743.1,109464
1971-04-14,744.6,744.9,736.8,740.85,214161
1971-04-15,740.85,741,724.2,724.65,256749
1971-04-16,726.3,736.2,723.3,735.9,250056
1971-04-17,729,737.55,728.55,730.05,259164
1971-04-18,729.9,731.4,708.6,711.15,346767
1971-04-19,710.4,715.5,705.6,714.3,326571
1971-04-20,716.7,729.6,714.45,726.6,283683
1971-04-21,726,742.65,724.95,734.55,315261
1971-04-22,736.5,746.85,735.15,744.6,275598
1971-04-23,744.15,748.8,740.7,748.65,251877
1971-04-24,747.6,749.85,745.05,748.65,166926
1971-04-25,738.6,753.6,735.3,753.15,217581
1971-04-26,755.1,764.4,752.7,763.5,314025
1971-04-27,764.4,768.15,761.1,762.9,274095
1971-04-28,762.75,766.65,760.8,763.95,229875
1971-04-29,763.5,765.3,752.1,755.85,224181
1971-04-30,757.2,760.2,745.95,755.85,268809
1971-05-01,754.95,756.6,748.5,749.85,218448
1971-05-02,748.5,758.85,748.5,753.3,226221
1971-05-03,753.3,753.6,741,744.45,97914
1971-05-04,744,747.3,740.1,741.15,40347
1971-05-05,735.45,747.6,734.25,746.25,51555
1971-05-06,747,749.7,743.1,747.75,38709
1971-05-07,747,748.95,741.6,742.8,40764
1971-05-08,744.6,745.35,739.95,741,28968
1971-05-09,740.4,749.7,738,749.19,53733
1971-05-10,747.75,750.15,745.65,746.4,135972
1971-05-11,749.1,749.1,741,742.2,96540
1971-05-12,744,746.7,743.1,744.9,45054
1971-05-13,740.25,741.9,730.05,730.95,102159
1971-05-14,731.1,734.4,729.15,730.35,115572
1971-05-15,730.35,732.6,721.8,726.45,102408
1971-05-16,745.8,762.45,744.9,759.75,233250
1971-05-17,758.7,764.55,757.5,760.65,239583
1971-05-18,760.35,771.6,759.3,768.75,244623
1971-05-19,767.85,772.65,766.35,771.9,227655
1971-05-20,769.65,781.8,768.45,778.5,219387
1971-05-21,776.85,787.8,775.65,782.25,242208
1971-05-22,779.4,784.5,777.9,784.05,229035
1971-05-23,784.5,792.6,778.8,789.9,274017
1971-05-24,792.3,805.2,790.2,800.85,302985
1971-05-25,805.5,806.4,796.35,800.1,275709
1971-05-26,795,814.5,794.4,814.2,269238
1971-05-27,813,818.25,805.8,808.2,297945
1971-05-28,807,816.3,805.05,806.7,271737
1971-05-29,806.7,830.7,805.5,829.2,296271
1971-05-30,829.95,847.8,798,807.9,373956
1971-05-31,810,815.55,805.2,814.05,266904
1971-06-01,817.5,827.4,815.55,823.35,274092
1971-06-02,828,833.4,820.35,832.65,216240
1971-06-03,836.4,836.4,817.8,825.45,227064
1971-06-04,823.2,826.5,815.7,822.45,210927
1971-06-05,819,835.8,819,832.05,243552
1971-06-06,834.3,837.15,827.1,829.05,224793
1971-06-07,830.1,843,826.5,842.1,243429
1971-06-08,843.6,850.2,835.5,847.05,272529
1971-06-09,847.5,849.6,841.05,843.6,203655
1971-06-10,843.3,844.05,833.1,838.05,208050
1971-06-11,837.3,838.5,821.1,827.55,270837
1971-06-12,828.6,834.75,825,832.95,256884
1971-06-13,834,835.2,822.3,830.25,253263
1971-06-14,828.75,846.9,827.1,846.15,252609
1971-06-15,844.5,861.75,843.45,861.15,263064
1971-06-16,866.25,867,850.35,860.1,287760
1971-06-17,859.5,862.5,853.2,858.6,247968
1971-06-18,859.05,861.3,853.5,856.95,168924
1971-06-19,858.3,861,837,848.55,291024
1971-06-20,850.05,852.6,844.8,847.35,226344
1971-06-21,846,859.5,845.25,851.7,235764
1971-06-22,848.4,856.8,841.5,850.65,252297
1971-06-23,852.75,855.15,848.4,850.65,173268
1971-06-24,853.8,857.4,847.2,850.8,199488
1971-06-25,849.9,854.1,848.4,852.3,157812
1971-06-26,853.5,867.6,853.2,867,238149
1971-06-27,868.2,875.7,868.2,870.6,240750
1971-06-28,869.25,873.9,865.5,873.6,193806
1971-06-29,869.7,869.7,860.4,865.2,189954
1971-06-30,866.1,874.2,862.2,872.7,208227
1971-07-01,875.4,877.35,866.7,869.85,235089
1971-07-02,871.5,876.15,867.45,872.55,77787
1971-07-03,874.05,875.1,868.05,868.35,42999
1971-07-04,864,864,858.3,863.55,50799
1971-07-05,864.6,880.2,863.1,879.9,50883
1971-07-06,882.9,884.4,870.9,877.95,44670
1971-07-07,876.9,885,875.4,882.6,41280
1971-07-08,883.2,894.9,882.6,882.6,51855
1971-07-09,903.6,912.75,898.8,912.45,247389
1971-07-10,909.9,914.25,907.65,912.6,226524
1971-07-11,911.1,913.5,905.7,910.8,202929
1971-07-12,916.5,917.1,907.95,910.2,192876
1971-07-13,910.2,910.2,891.6,892.05,228207
1971-07-14,877.5,877.5,860.1,871.35,275955
1971-07-15,875.1,880.05,870.9,873.75,253932
1971-07-16,866.7,884.1,864.6,883.65,241071
1971-07-17,885.9,887.85,879.15,880.8,235785
1971-07-18,880.2,911.7,879.6,910.35,264177
1971-07-19,915,916.2,908.1,912.15,198663
1971-07-20,909.6,918.3,886.5,889.2,273282
1971-07-21,900,904.8,888,900.9,256389
1971-07-22,900,900.15,875.4,885.15,271440
1971-07-23,880.5,888,873.9,880.2,220458
1971-07-24,881.4,885.9,853.2,853.65,261345
1971-07-25,840,852.75,827.7,840,353208
1971-07-26,849,860.25,841.05,855.6,286446
1971-07-27,859.5,873,859.5,866.7,237471
1971-07-28,866.7,869.4,854.85,862.2,213702
1971-07-29,856.5,885.45,849.6,885,316515
1971-07-30,883.2,886.05,858.3,859.05,319320
1971-07-31,864.6,873,853.5,862.8,284118
1971-08-01,855,859.5,842.4,842.85,243735
1971-08-02,831,857.4,825,841.5,319881
1971-08-03,847.2,861.9,846.15,851.4,319959
1971-08-04,855.3,863.7,852,855.9,244143
1971-08-05,856.5,873.45,855.45,868.35,246336
1971-08-06,864,872.25,861,869.7,223500
1971-08-07,865.2,876.3,858.3,875.1,243879
1971-08-08,879.6,890.4,876.75,888.9,287655
1971-08-09,888,892.8,882.75,888.75,251334
1971-08-10,891,894.6,882.6,883.2,231228
1971-08-11,887.4,890.4,876,883.95,209316
1971-08-12,889.2,901.8,868.5,873.45,300840
1971-08-13,873.45,884.55,871.8,883.35,240108
1971-08-14,884.4,887.85,872.7,884.25,226041
1971-08-15,887.4,888.6,879,883.95,194358
1971-08-16,874.95,881.4,861.15,862.05,241668
1971-08-17,860.7,864.3,847.5,861.3,301977
1971-08-18,860.4,862.65,834.6,837.45,291537
1971-08-19,838.95,845.7,830.85,839.55,287139
1971-08-20,846,849.6,840.6,842.1,221259
1971-08-21,846.6,854.4,842.25,845.4,172788
1971-08-22,856.5,870,855.3,868.8,207195
1971-08-23,866.4,874.2,865.2,867.9,223680
1971-08-24,870,878.1,858.9,876.45,234102
1971-08-25,882,883.5,867.9,868.35,197433
1971-08-26,877.5,878.55,867.3,873,240363
1971-08-27,869.25,875.1,860.7,865.8,271248
1971-08-28,871.2,884.1,870.3,883.65,270945
1971-08-29,880.5,887.25,879.6,885.6,202482
1971-08-30,885,886.8,877.8,879.75,179100
1971-08-31,874.5,892.95,874.5,889.05,209907
1971-09-01,889.8,893.7,886.2,893.25,206712
1971-09-02,896.7,904.5,884.7,891.75,270570
1971-09-03,894.6,898.8,892.8,898.65,82056
1971-09-04,907.5,908.85,901.2,906,46683
1971-09-05,906.9,913.8,906.45,911.25,46395
1971-09-06,909.75,916.95,907.5,915.15,39294
1971-09-07,915,918.3,912.6,916.5,32286
1971-09-08,912.9,921.15,910.8,918.15,47076
1971-09-09,924,928.8,921.75,926.7,142833
1971-09-10,930,939.6,929.7,938.25,186216
1971-09-11,940.5,940.5,928.2,932.7,188328
1971-09-12,929.7,935.55,925.5,927.9,156378
1971-09-13,931.5,937.5,930.6,932.55,150621
1971-09-14,925.5,933.6,924,932.25,125472
1971-09-15,930,932.55,926.55,929.55,133518
1971-09-16,930.3,931.05,909,910.65,213207
1971-09-17,913.5,918,911.4,914.4,175596
1971-09-18,919.2,923.85,918,920.85,105030
1971-09-19,923.7,926.55,916.2,918.45,172371
1971-09-20,918.45,932.55,916.95,930,205155
1971-09-21,928.35,933,921.3,932.25,205092
1971-09-22,930.6,934.65,925.5,926.55,171342
1971-09-23,927.9,931.05,923.4,928.35,116940
1971-09-24,926.25,928.5,918.9,928.35,181848
1971-09-25,927,937.5,924.9,935.7,187452
1971-09-26,928.8,939.3,927.3,936.6,209766
1971-09-27,938.4,943.2,934.5,942.6,190227
1971-09-28,943.5,945.9,939.45,944.7,161646
1971-09-29,941.4,943.2,936.15,938.1,127620
1971-09-30,935.25,942.75,926.1,929.7,205323
1971-10-01,929.1,930.75,924,929.85,194763
1971-10-02,931.05,931.95,920.7,927.45,210288
1971-10-03,927,931.8,926.1,930.9,124635
1971-10-04,930.45,935.7,927.6,934.65,149781
1971-10-05,936.9,939.75,932.7,939,201585
1971-10-06,939.6,951.75,936.9,951.15,213093
1971-10-07,949.5,959.7,948.9,959.1,210780
1971-10-08,957.6,960.9,954,960.6,139419
1971-10-09,952.8,964.95,952.8,956.7,220431
1971-10-10,957.3,958.65,943.95,952.2,243018
1971-10-11,954,963.9,954,957.75,250992
1971-10-12,957.45,970.2,953.4,969.75,243483
1971-10-13,970.05,977.85,968.7,975.45,191004
1971-10-14,976.8,989.25,973.8,988.35,222156
1971-10-15,991.8,1006.2,990.9,1004.7,282462
1971-10-16,1006.5,1009.5,996,1003.5,273822
1971-10-17,1005.6,1011.9,1003.5,1007.85,222675
1971-10-18,999.75,1013.1,999.75,1008.15,187833
1971-10-19,1008.9,1012.2,1001.7,1007.25,207687
1971-10-20,1004.7,1005.3,981.15,990.9,299520
1971-10-21,988.8,995.4,981.9,994.5,240795
1971-10-22,997.5,1010.55,996.15,1010.1,236334
1971-10-23,1009.8,1014.3,1005,1008,191709
1971-10-24,1008.9,1011.3,997.5,1005.9,220707
1971-10-25,1010.1,1018.35,1009.05,1015.2,229788
1971-10-26,1015.8,1016.55,1005.6,1008,219423
1971-10-27,1004.1,1005.9,993.75,996,228051
1971-10-28,996.6,996.75,982.05,982.5,207705
1971-10-29,979.8,994.5,979.8,992.55,233490
1971-10-30,993.15,999.6,968.1,970.05,265932
1971-10-31,970.5,974.4,955.5,968.4,318183
1971-11-01,972,974.7,948.15,959.7,301362
1971-11-02,963,967.5,945.6,946.05,193473
1971-11-03,945.45,947.85,926.1,942.3,315744
1971-11-04,941.4,947.7,936.6,942.3,263901
1971-11-05,948,952.95,945,951.6,84192
1971-11-06,951,968.1,951,966,59850
1971-11-07,971.1,972,960,966,41355
1971-11-08,964.5,964.95,949.8,951,34122
1971-11-09,948,960,940.2,940.8,54288
1971-11-10,945.6,948.3,937.2,944.55,45708
1971-11-11,958.5,959.7,950.1,955.05,187299
1971-11-12,957.75,963.45,937.05,939.75,291378
1971-11-13,938.4,972.3,934.5,972,316185
1971-11-14,970.5,976.5,966,974.7,260271
1971-11-15,970.5,975,964.95,967.2,128322
1971-11-16,967.8,973.5,962.55,973.05,127455
1971-11-17,977.1,987.75,973.5,979.2,230421
1971-11-18,978.6,985.5,968.4,974.1,242673
1971-11-19,973.5,978.9,967.65,977.55,245469
1971-11-20,979.5,995.4,978.15,995.1,252624
1971-11-21,993,999,990.6,994.05,195846
1971-11-22,993.3,995.4,984.9,992.4,206331
1971-11-23,988.2,989.1,959.25,959.55,288726
1971-11-24,958.2,966.15,953.1,961.95,295923
1971-11-25,961.8,963.6,941.1,947.4,294870
1971-11-26,945.6,951.15,934.8,936.6,223767
1971-11-27,932.85,941.1,925.2,934.8,234459
1971-11-28,942.3,951,936.75,946.95,243141
1971-11-29,936.6,940.35,914.4,915,322659
1971-11-30,909.9,922.8,893.85,894.75,367008
1971-12-01,901.5,903,831,846.75,395385
1971-12-02,792,807,594,604.5,471861
1971-12-03,663,726,543,648.75,371820
1971-12-04,726,777,711,774.75,267735
1971-12-05,606,751.5,585,733.5,168153
1971-12-06,720,759,702,723,122997
1971-12-07,684,711,654,660.75,103251
1971-12-08,726,726,669,685.8,90969
1971-12-09,660,703.5,654,693.75,109473
1971-12-10,711,747.3,705,737.1,106455
1971-12-11,759,780,756,778.05,101868
1971-12-12,765,773.7,754.5,773.25,94866
1971-12-13,756,762,722.7,750.45,143973
1971-12-14,747,759,739.8,750.45,119676
1971-12-15,745.5,774.3,743.25,766.2,132408
1971-12-16,768,774.6,744,747.3,107658
1971-12-17,738,746.25,727.5,736.8,122010
1971-12-18,730.5,730.5,713.1,718.2,140919
1971-12-19,723,736.5,722.7,726.6,92415
1971-12-20,750,753.6,742.5,748.8,120630
1971-12-21,750,750,740.1,742.8,70560
1971-12-22,750,754.8,734.1,744.6,111768
1971-12-23,734.7,736.8,721.5,728.1,135147
1971-12-24,732.6,740.4,721.2,739.65,144408
1971-12-25,739.5,739.5,715.5,716.4,164667
1971-12-26,705,729,702,725.7,166260
1971-12-27,723,732.6,720.75,732.3,115620
1971-12-28,738,747,737.4,738.45,144924
1971-12-29,738,742.8,732.15,732.9,69147
1971-12-30,702,703.5,675,696,194520
1971-12-31,700.5,704.1,692.4,695.55,163197
1972-01-01,694.5,706.2,691.2,699.15,131733
1972-01-02,702.6,703.05,669.15,670.8,178281
1972-01-03,671.4,678,662.4,676.65,174924
1972-01-04,679.8,691.2,676.95,688.5,164625
1972-01-05,688.2,708.6,686.7,703.95,165897
1972-01-06,700.5,723.3,700.5,718.95,199380
1972-01-07,705,722.7,698.4,703.05,61251
1972-01-08,705,708.6,699,706.35,26211
1972-01-09,706.2,733.2,705.6,732,35253
1972-01-10,734.25,739.5,723,733.65,35697
1972-01-11,734.4,746.7,728.25,742.5,33228
1972-01-12,745.5,746.7,725.1,729.45,33045
1972-01-13,735,753,732.75,745.35,94908
1972-01-14,748.5,758.4,747,757.05,76878
1972-01-15,752.55,756.6,744,755.55,76752
1972-01-16,759,766.8,759,764.1,43206
1972-01-17,765,766.2,758.7,759.9,14145
1972-01-18,747,747.75,734.1,738.9,50544
1972-01-19,742.2,742.8,737.25,738.9,39267
1972-01-20,742.8,751.2,741.15,750.6,44703
1972-01-21,741,743.7,737.4,740.25,42000
1972-01-22,754.5,776.4,753.6,772.2,142257
1972-01-23,787.5,792,777.45,779.4,147837
1972-01-24,780.9,785.7,775.5,775.8,137118
1972-01-25,773.1,790.2,771,788.55,133818
1972-01-26,784.2,788.7,718.5,722.25,183168
1972-01-27,732,745.8,720.9,743.1,164430
1972-01-28,741,742.65,721.2,739.05,185262
1972-01-29,734.55,751.8,722.7,738.75,184680
1972-01-30,739.5,744.3,732,742.35,105306
1972-01-31,771,774,753.6,754.5,150582
1972-02-01,759,762.9,751.2,757.2,114477
1972-02-02,751.5,764.55,744.6,747.75,181095
1972-02-03,741.6,748.2,723,730.2,177621
1972-02-04,732.3,736.35,720,733.8,164967
1972-02-05,737.4,744.75,732.9,744.3,103842
1972-02-06,745.8,762,742.5,757.95,147819
1972-02-07,756,759,747.75,751.2,126651
1972-02-08,753,762.6,745.8,749.55,159009
1972-02-09,756.6,764.7,753,762.9,120963
1972-02-10,767.1,773.7,758.4,771.15,115068
1972-02-11,776.4,777.3,765.6,769.05,120672
1972-02-12,769.05,771.6,758.7,767.55,143229
1972-02-13,767.25,774.9,751.65,759.3,163263
1972-02-14,759.3,762.45,750.6,759,141471
1972-02-15,759.6,764.7,750.3,752.1,100701
1972-02-16,744,753.75,744,749.85,125016
1972-02-17,750.75,765.75,746.1,764.7,127524
1972-02-18,763.5,774.6,760.8,773.85,143364
1972-02-19,772.8,776.4,766.2,771.75,110094
1972-02-20,770.7,779.1,768,776.4,113508
1972-02-21,773.7,787.2,771.3,786.3,123090
1972-02-22,786.3,787.5,774.75,779.55,153165
1972-02-23,778.5,782.25,771.6,774.9,127812
1972-02-24,775.5,789.3,772.8,788.85,110724
1972-02-25,788.55,801.9,785.1,800.55,149082
1972-02-26,800.25,801.6,789.75,796.5,177693
1972-02-27,794.4,802.5,792.3,795.6,142581
1972-02-28,794.4,806.7,783,788.55,177264
1972-02-29,789.6,792,785.7,790.05,102489
1972-03-01,793.5,804.3,792.3,801.9,113439
1972-03-02,804,805.8,795.9,802.95,158958
1972-03-03,808.5,809.1,800.7,805.05,131811
1972-03-04,804,806.85,800.1,805.35,101799
1972-03-05,803.1,807.6,793.65,801.6,133224
1972-03-06,800.1,805.35,797.55,804.9,105141
1972-03-07,804.9,812.4,804.45,807.3,148440
1972-03-08,808.2,813.3,805.2,808.95,129123
1972-03-09,807.3,808.95,788.7,788.7,62670
1972-03-10,792.6,796.8,782.25,796.5,41952
1972-03-11,795,801.75,793.2,799.2,28908
1972-03-12,800.4,800.4,795,798,25083
1972-03-13,796.5,808.5,794.1,806.4,24669
1972-03-14,808.5,813.6,806.4,811.95,30684
1972-03-15,818.55,823.35,811.8,816.9,122868
1972-03-16,809.7,814.5,805.5,811.8,114894
1972-03-17,813.6,814.35,806.7,811.95,109089
1972-03-18,812.7,816,806.7,811.2,104880
1972-03-19,801.6,801.9,788.4,792.3,153315
1972-03-20,790.5,792.6,772.5,773.25,160074
1972-03-21,772.2,780,771.3,779.7,142629
1972-03-22,783.3,785.55,779.55,779.85,126540
1972-03-23,781.8,789,772.2,774.75,150258
1972-03-24,773.4,781.5,769.05,777.15,130173
1972-03-25,773.25,781.2,766.8,770.85,154923
1972-03-26,772.8,779.7,768.9,778.5,148644
1972-03-27,780.6,802.8,775.5,802.2,205830
1972-03-28,804,806.25,799.35,802.8,139785
1972-03-29,804,815.85,800.7,809.7,113595
1972-03-30,812.4,816,809.25,813.6,141987
1972-03-31,812.7,821.1,812.25,817.65,125625
1972-04-01,817.95,819.15,809.7,816.3,146874
1972-04-02,801,805.2,771.6,775.2,195342
1972-04-03,779.25,781.2,767.55,776.4,169206
1972-04-04,774,782.4,773.55,777.75,115416
1972-04-05,781.5,790.2,771.45,771.9,153963
1972-04-06,772.95,776.7,768.3,773.7,147924
1972-04-07,773.7,785.4,762.3,768.6,194898
1972-04-08,772.8,786.6,772.5,785.55,154131
1972-04-09,785.85,792.75,784.35,791.55,118317
1972-04-10,791.25,798.3,787.8,794.4,128121
1972-04-11,794.1,797.1,789.9,792,110265
1972-04-12,788.4,791.7,786,790.2,106365
1972-04-13,790.2,790.8,779.7,783,109809
1972-04-14,786,787.2,780,785.1,95625
1972-04-15,788.1,792.75,786.75,788.1,55641
1972-04-16,789,790.2,778.8,779.55,103026
1972-04-17,778.8,780,774.45,778.05,108519
1972-04-18,777,782.85,770.4,774.45,100419
1972-04-19,773.7,775.8,765.9,771.3,106812
1972-04-20,774.3,777.3,766.5,775.8,120378
1972-04-21,767.4,768.75,755.4,760.2,164634
1972-04-22,760.65,764.25,760.2,761.4,107760
1972-04-23,765.6,774,765,772.65,98199
1972-04-24,774.9,779.1,770.4,778.65,105474
1972-04-25,781.5,783.6,764.25,765.3,148872
1972-04-26,765.3,768,750.75,753.3,168651
1972-04-27,751.8,759.6,745.5,758.7,178584
1972-04-28,761.7,762.6,753.9,758.1,107397
1972-04-29,760.5,761.1,747.6,751.8,140346
1972-04-30,754.2,763.05,752.7,762.75,128457
1972-05-01,765,768,759.45,762,133929
1972-05-02,761.4,767.25,759.75,766.8,106647
1972-05-03,762.3,763.8,756.9,760.5,69876
1972-05-04,760.8,792.15,760.05,788.85,169248
1972-05-05,792,805.5,789.45,800.55,213492
1972-05-06,799.5,803.1,793.05,799.05,159633
1972-05-07,803.1,804.6,793.8,798.3,143502
1972-05-08,798.3,804.15,793.8,803.55,139905
1972-05-09,799.2,803.4,791.7,798.15,148398
1972-05-10,798.6,821.25,798.3,817.35,208176
1972-05-11,816.45,819.75,811.65,814.35,75597
1972-05-12,816.6,822.75,809.4,813.3,46374
1972-05-13,814.2,817.95,812.7,815.1,27666
1972-05-14,826.5,833.7,818.7,823.8,51777
1972-05-15,822,825,818.85,824.4,30045
1972-05-16,815.1,816.9,804.3,810.6,38553
1972-05-17,815.7,819.3,809.4,818.25,120651
1972-05-18,811.5,817.2,810,814.5,106047
1972-05-19,819.9,826.95,805.8,826.2,160953
1972-05-20,836.7,838.5,829.35,833.85,148866
1972-05-21,833.7,835.65,828,831.45,102735
1972-05-22,833.1,834.9,824.4,825.6,101481
1972-05-23,822,822.45,807.6,810.75,115962
1972-05-24,811.8,826.2,810.9,824.55,131925
1972-05-25,825.45,827.25,811.8,819.3,121545
1972-05-26,822.3,828.75,820.2,826.2,104442
1972-05-27,828.9,829.5,815.4,818.7,69912
1972-05-28,814.5,837.3,813.75,835.95,117585
1972-05-29,834.75,835.95,811.8,816,139782
1972-05-30,814.5,822,810.3,819.6,145377
1972-05-31,814.2,822.9,812.4,814.65,105996
1972-06-01,816.3,821.1,812.55,817.35,112365
1972-06-02,816.3,817.8,802.65,808.05,150879
1972-06-03,810,815.4,799.8,814.2,155976
1972-06-04,813.75,817.8,809.1,814.35,129111
1972-06-05,815.85,821.1,810.3,818.4,109101
1972-06-06,817.2,818.1,807.9,816.9,141810
1972-06-07,816.6,819,803.1,811.35,149400
1972-06-08,812.4,816.3,807.15,814.65,116148
1972-06-09,810.6,810.9,800.1,801.45,116706
1972-06-10,801,801.45,790.05,790.65,127740
1972-06-11,790.2,799.2,789.75,794.55,106458
1972-06-12,793.5,801.9,793.5,798.45,101610
1972-06-13,798.6,800.1,787.65,788.85,118158
1972-06-14,790.2,803.4,788.4,800.55,126327
1972-06-15,802.5,820.2,802.5,819.75,143397
1972-06-16,821.1,822.15,816.75,817.95,111846
1972-06-17,820.95,825.6,812.1,819.15,135012
1972-06-18,817.2,823.5,814.05,822.15,97320
1972-06-19,827.1,827.1,816.75,818.55,92418
1972-06-20,813,818.7,811.8,816.6,75438
1972-06-21,818.25,821.7,808.5,809.4,88842
1972-06-22,810.9,811.2,796.2,802.2,168837
1972-06-23,800.4,800.4,783.9,786.15,183006
1972-06-24,790.2,791.4,781.5,789.6,145617
1972-06-25,786.9,792.75,785.1,787.65,89136
1972-06-26,787.5,789.6,776.4,777.3,109302
1972-06-27,773.7,790.8,773.4,783.75,157968
1972-06-28,783,787.65,779.4,783.75,121929
1972-06-29,784.35,790.8,783,784.35,94647
1972-06-30,787.05,790.2,783.75,785.85,79158
1972-07-01,785.1,785.7,769.35,769.8,131430
1972-07-02,774,776.25,769.95,771.9,123276
1972-07-03,771.75,785.85,771.75,785.25,119982
1972-07-04,778.8,782.4,772.65,779.1,136374
1972-07-05,778.5,782.4,776.1,779.1,80571
1972-07-06,782.1,790.35,782.1,789,101673
1972-07-07,789.3,791.4,786.15,788.1,93264
1972-07-08,791.4,792.9,783.3,784.8,115164
1972-07-09,780.3,781.2,770.1,776.4,128136
1972-07-10,787.8,798,786,796.8,135357
1972-07-11,795.9,799.8,794.4,799.2,124116
1972-07-12,802.2,803.1,795.6,798.3,132516
1972-07-13,796.8,801.45,795,798.3,56247
1972-07-14,798,807,789.6,800.25,64596
1972-07-15,799.8,803.55,798,798.45,38253
1972-07-16,795,804.3,794.7,804,35883
1972-07-17,806.1,810.45,801.15,808.35,43806
1972-07-18,806.85,810.6,802.65,803.4,26349
1972-07-19,808.8,819,808.35,814.95,103155
1972-07-20,815.55,816,807,815.55,119667
1972-07-21,813.75,818.7,812.4,817.95,112185
1972-07-22,816.9,820.65,816,819.9,48726
1972-07-23,818.7,819,810.6,816.3,107463
1972-07-24,813.6,819.45,811.2,816.75,84339
1972-07-25,814.2,816.3,812.55,815.85,80574
1972-07-26,816.3,817.05,809.4,811.5,97206
1972-07-27,810,815.1,808.5,814.65,89901
1972-07-28,815.7,827.7,814.05,827.1,133134
1972-07-29,827.1,833.1,821.7,822.45,139386
1972-07-30,822,822.15,811.5,819.3,133914
1972-07-31,819.3,821.7,816.9,819.45,88623
1972-08-01,819.9,825.15,815.4,821.85,127143
1972-08-02,820.2,824.7,819,824.4,73938
1972-08-03,828.6,843.3,826.8,842.55,166557
1972-08-04,840.9,843.75,838.5,840.9,83151
1972-08-05,839.4,841.35,835.05,838.8,113784
1972-08-06,834.3,834.3,823.8,828.6,136263
1972-08-07,825.6,834.6,825,831,115026
1972-08-08,835.5,838.05,826.2,830.7,124371
1972-08-09,829.5,836.4,828.9,834.75,91584
1972-08-10,836.4,844.8,833.55,843.6,128730
1972-08-11,843.75,847.5,825.9,836.4,173625
1972-08-12,835.5,855,835.05,854.25,156447
1972-08-13,851.4,856.5,848.4,855,144882
1972-08-14,855,857.25,850.2,850.95,113520
1972-08-15,850.2,853.8,849,852.15,93387
1972-08-16,850.05,851.1,843.6,847.2,107418
1972-08-17,845.4,846.3,830.7,837.75,150228
1972-08-18,838.2,843.75,835.65,838.65,109248
1972-08-19,837.3,840.6,833.55,837.3,99825
1972-08-20,836.85,843,835.5,840.45,109056
1972-08-21,837.9,846,833.1,843,137742
1972-08-22,844.2,845.4,838.5,838.8,94350
1972-08-23,833.4,840.6,827.7,828.75,131904
1972-08-24,827.1,828.3,822.45,824.1,111801
1972-08-25,828.3,830.85,824.55,825.15,99936
1972-08-26,822.15,825.6,818.55,822.15,146220
1972-08-27,822.15,825.3,820.5,822.45,101046
1972-08-28,817.5,818.25,804.15,805.8,122196
1972-08-29,807.9,808.95,801.9,806.55,145785
1972-08-30,804.6,809.7,804.45,808.5,95400
1972-08-31,806.4,806.4,790.5,795.15,185823
1972-09-01,800.25,800.4,791.1,793.95,137742
1972-09-02,796.5,800.7,795.15,797.4,86505
1972-09-03,798,801,791.85,800.7,111426
1972-09-04,798.75,807.15,797.1,805.05,134871
1972-09-05,805.2,810.15,804.75,807.75,73446
1972-09-06,804.3,809.7,801.3,806.85,125751
1972-09-07,807.75,816.9,804.9,813.45,165057
1972-09-08,813.9,825.9,813.45,819.15,153813
1972-09-09,820.35,821.55,817.65,819.6,97101
1972-09-10,813.6,818.1,812.1,817.5,131289
1972-09-11,818.1,829.2,817.5,827.7,143715
1972-09-12,827.4,838.65,824.4,838.2,163290
1972-09-13,836.4,839.4,834.45,835.35,144747
1972-09-14,832.5,835.95,831,832.8,61677
1972-09-15,831.75,835.5,831,831.9,40887
1972-09-16,834,838.2,827.55,828.45,31332
1972-09-17,827.4,829.95,823.5,829.5,37356
1972-09-18,826.05,828.9,823.2,825.6,31722
1972-09-19,825.9,827.55,821.1,823.2,37878
1972-09-20,824.73,824.73,824.73,824.73,2934
1972-09-21,837.9,849.3,837.15,846.3,83916
1972-09-22,851.4,853.5,841.35,843.9,92598
1972-09-23,843,844.2,838.35,841.35,61359
1972-09-24,841.8,843.75,839.7,840.15,35991
1972-09-25,841.2,842.7,840.6,842.1,13254
1972-09-26,840.9,842.55,838.35,840,25365
1972-09-27,841.35,841.5,836.1,841.05,41706
1972-09-28,841.5,847.95,841.05,846.3,64053
1972-09-29,847.2,847.65,840.9,841.2,29367
1972-09-30,837,837.9,827.4,832.95,99774
1972-10-01,834,849,833.7,848.7,113133
1972-10-02,847.8,854.25,845.85,849,111594
1972-10-03,850.5,855.6,849.15,850.2,97428
1972-10-04,851.4,854.4,847.8,851.1,98922
1972-10-05,853.5,853.5,844.8,849.6,111030
1972-10-06,847.8,854.25,846.45,853.2,93417
1972-10-07,853.5,862.65,852.45,855.75,137829
1972-10-08,855.9,860.4,854.4,858.9,104340
1972-10-09,860.7,862.8,857.25,860.1,67107
1972-10-10,859.05,859.8,855.45,858.3,75438
1972-10-11,858.9,868.8,853.2,866.1,148185
1972-10-12,865.8,870.6,864.45,867.75,109617
1972-10-13,866.7,868.65,862.35,866.25,77661
1972-10-14,867.45,871.2,858.6,860.55,96876
1972-10-15,860.55,872.7,860.1,870.9,143088
1972-10-16,872.4,874.95,868.5,874.8,122367
1972-10-17,871.35,884.7,870.15,882,137169
1972-10-18,884.7,895.65,883.35,888.9,153081
1972-10-19,891.6,892.05,886.95,890.1,106794
1972-10-20,891.3,899.25,885.75,896.25,130782
1972-10-21,894.6,900.9,892.35,897,129444
1972-10-22,897,899.85,891.6,894.9,107472
1972-10-23,892.2,898.65,892.2,895.8,98589
1972-10-24,894.15,897.6,889.2,892.95,106977
1972-10-25,891.9,907.95,891.9,904.2,145815
1972-10-26,906,907.5,900.15,901.95,119055
1972-10-27,896.7,902.85,889.8,896.7,163701
1972-10-28,890.4,892.8,880.35,882,153225
1972-10-29,880.8,885.3,878.85,884.1,116004
1972-10-30,886.2,888.6,878.4,880.2,126543
1972-10-31,880.05,888.75,878.7,888.45,124521
1972-11-01,890.4,890.85,886.35,888.75,92865
1972-11-02,888.9,896.25,887.55,893.4,93114
1972-11-03,895.5,895.5,888.3,892.8,101541
1972-11-04,890.1,890.7,875.25,876.3,167751
1972-11-05,872.4,880.2,872.1,879.6,137232
1972-11-06,879.3,880.35,861.9,862.95,169737
1972-11-07,863.7,867.45,860.4,867,148227
1972-11-08,867.3,871.05,864.6,868.95,133500
1972-11-09,871.8,875.25,860.7,864.6,154590
1972-11-10,864.6,875.25,863.4,872.55,159810
1972-11-11,871.5,876.6,870,875.85,110703
1972-11-12,877.95,887.4,876.75,885.45,137343
1972-11-13,885.9,888.3,881.55,884.7,140016
1972-11-14,882,889.95,881.25,885.45,133248
1972-11-15,883.8,887.1,882.6,884.25,71721
1972-11-16,882,882.45,874.5,882,44925
1972-11-17,881.7,891.3,881.7,887.7,40062
1972-11-18,890.25,891.15,884.7,885.45,38715
1972-11-19,886.5,892.5,885.6,892.35,36702
1972-11-20,893.4,901.8,892.2,899.1,37011
1972-11-21,896.55,896.55,882,886.35,140196
1972-11-22,885.3,886.35,875.4,880.05,131724
1972-11-23,885,887.7,881.7,884.55,101346
1972-11-24,884.7,885.75,880.2,883.2,94731
1972-11-25,885,886.8,874.8,877.65,83418
1972-11-26,874.2,884.25,873,882.6,89397
1972-11-27,885.6,888.9,883.65,885.9,92499
1972-11-28,885,890.25,884.4,889.95,96180
1972-11-29,889.5,894,884.7,888.15,116256
1972-11-30,891,897.15,889.95,893.55,100467
1972-12-01,894.15,902.55,893.4,898.5,101535
1972-12-02,897,899.55,894.3,898.95,88344
1972-12-03,898.35,900.6,895.5,898.8,73359
1972-12-04,895.5,896.55,893.1,895.65,61683
1972-12-05,892.2,904.2,891.75,902.7,96489
1972-12-06,902.7,904.65,899.1,900.75,72522
1972-12-07,901.2,906.6,900.6,905.85,76878
1972-12-08,906,909.6,904.8,906,76350
1972-12-09,903.6,904.2,895.8,898.05,89031
1972-12-10,906.9,912.9,904.35,912.3,127989
1972-12-11,911.7,915,910.65,913.5,78996
1972-12-12,922.5,928.2,921,925.2,127017
1972-12-13,924,932.1,923.7,929.7,110373
1972-12-14,931.65,932.7,920.1,929.7,116304
1972-12-15,929.4,935.55,928.5,935.25,86976
1972-12-16,934.5,935.7,930.45,934.2,87141
1972-12-17,935.55,936.75,926.55,927.15,106563
1972-12-18,927.75,929.85,924.15,926.55,94839
1972-12-19,927.15,939.3,927.15,934.65,138156
1972-12-20,935.25,936.45,932.55,934.65,89646
1972-12-21,928.5,934.95,927.75,934.65,80859
1972-12-22,935.4,938.25,927.9,928.2,100941
1972-12-23,927.75,932.25,926.4,930,102423
1972-12-24,929.4,930.75,926.4,930,75159
1972-12-25,935.1,938.1,924.3,924.75,127734
1972-12-26,925.5,925.8,918.75,925.35,122979
1972-12-27,924.6,927.6,916.95,921.3,122502
1972-12-28,920.25,925.2,918.9,922.95,105042
1972-12-29,924.3,928.35,922.5,927.15,91959
1972-12-30,940.95,948.3,939.3,948,135339
1972-12-31,949.5,955.95,947.7,955.5,113505
1973-01-01,954,954.6,950.7,951.9,97518
1973-01-02,953.4,960,950.4,957.45,135627
1973-01-03,956.25,962.1,955.2,960.75,125316
1973-01-04,962.7,969.9,962.7,968.85,159864
1973-01-05,973.5,975,965.1,970.8,148080
